month,state,totals
2018-03-01,Alabama,50610
2018-03-01,Alaska,7800
2018-03-01,Arizona,41551
2018-03-01,Arkansas,24492
2018-03-01,California,136228
2018-03-01,Colorado,61839
2018-03-01,Connecticut,18091
2018-03-01,Delaware,6298
2018-03-01,District of Columbia,381
2018-03-01,Florida,137997
2018-03-01,Georgia,67791
2018-03-01,Guam,146
2018-03-01,Hawaii,1420
2018-03-01,Idaho,24342
2018-03-01,Illinois,271714
2018-03-01,Indiana,121376
2018-03-01,Iowa,21697
2018-03-01,Kansas,18772
2018-03-01,Kentucky,421247
2018-03-01,Louisiana,31519
2018-03-01,Maine,10684
2018-03-01,Mariana Islands,25
2018-03-01,Maryland,17841
2018-03-01,Massachusetts,22326
2018-03-01,Michigan,59589
2018-03-01,Minnesota,72268
2018-03-01,Mississippi,27387
2018-03-01,Missouri,58076
2018-03-01,Montana,13402
2018-03-01,Nebraska,9048
2018-03-01,Nevada,14322
2018-03-01,New Hampshire,14184
2018-03-01,New Jersey,10195
2018-03-01,New Mexico,18357
2018-03-01,New York,37050
2018-03-01,North Carolina,61950
2018-03-01,North Dakota,6803
2018-03-01,Ohio,91247
2018-03-01,Oklahoma,35317
2018-03-01,Oregon,41616
2018-03-01,Pennsylvania,123031
2018-03-01,Puerto Rico,2072
2018-03-01,Rhode Island,3528
2018-03-01,South Carolina,29427
2018-03-01,South Dakota,10135
2018-03-01,Tennessee,71458
2018-03-01,Texas,161200
2018-03-01,Utah,33649
2018-03-01,Vermont,6177
2018-03-01,Virgin Islands,195
2018-03-01,Virginia,55765
2018-03-01,Washington,66587
2018-03-01,West Virginia,40701
2018-03-01,Wisconsin,56482
2018-03-01,Wyoming,6476
2018-02-01,Alabama,45171
2018-02-01,Alaska,5392
2018-02-01,Arizona,36281
2018-02-01,Arkansas,24266
2018-02-01,California,107649
2018-02-01,Colorado,47221
2018-02-01,Connecticut,15617
2018-02-01,Delaware,4651
2018-02-01,District of Columbia,217
2018-02-01,Florida,119561
2018-02-01,Georgia,57838
2018-02-01,Guam,146
2018-02-01,Hawaii,1074
2018-02-01,Idaho,20359
2018-02-01,Illinois,185288
2018-02-01,Indiana,81904
2018-02-01,Iowa,17387
2018-02-01,Kansas,18016
2018-02-01,Kentucky,417418
2018-02-01,Louisiana,26449
2018-02-01,Maine,7816
2018-02-01,Mariana Islands,20
2018-02-01,Maryland,13245
2018-02-01,Massachusetts,16463
2018-02-01,Michigan,44706
2018-02-01,Minnesota,49636
2018-02-01,Mississippi,25182
2018-02-01,Missouri,49381
2018-02-01,Montana,9983
2018-02-01,Nebraska,7585
2018-02-01,Nevada,12407
2018-02-01,New Hampshire,11486
2018-02-01,New Jersey,8459
2018-02-01,New Mexico,15891
2018-02-01,New York,31129
2018-02-01,North Carolina,53082
2018-02-01,North Dakota,5116
2018-02-01,Ohio,73240
2018-02-01,Oklahoma,31763
2018-02-01,Oregon,32397
2018-02-01,Pennsylvania,98075
2018-02-01,Puerto Rico,2076
2018-02-01,Rhode Island,2646
2018-02-01,South Carolina,28968
2018-02-01,South Dakota,8086
2018-02-01,Tennessee,66667
2018-02-01,Texas,155942
2018-02-01,Utah,22632
2018-02-01,Vermont,3870
2018-02-01,Virgin Islands,41
2018-02-01,Virginia,47385
2018-02-01,Washington,53915
2018-02-01,West Virginia,23344
2018-02-01,Wisconsin,43777
2018-02-01,Wyoming,5057
2018-01-01,Alabama,38477
2018-01-01,Alaska,4429
2018-01-01,Arizona,28627
2018-01-01,Arkansas,17483
2018-01-01,California,119910
2018-01-01,Colorado,41989
2018-01-01,Connecticut,13775
2018-01-01,Delaware,3684
2018-01-01,District of Columbia,283
2018-01-01,Florida,98243
2018-01-01,Georgia,45591
2018-01-01,Guam,135
2018-01-01,Hawaii,1185
2018-01-01,Idaho,15060
2018-01-01,Illinois,170007
2018-01-01,Indiana,83769
2018-01-01,Iowa,19745
2018-01-01,Kansas,13782
2018-01-01,Kentucky,402376
2018-01-01,Louisiana,20744
2018-01-01,Maine,5850
2018-01-01,Mariana Islands,10
2018-01-01,Maryland,12564
2018-01-01,Massachusetts,16120
2018-01-01,Michigan,35895
2018-01-01,Minnesota,50478
2018-01-01,Mississippi,16642
2018-01-01,Missouri,35204
2018-01-01,Montana,7448
2018-01-01,Nebraska,6645
2018-01-01,Nevada,9952
2018-01-01,New Hampshire,8758
2018-01-01,New Jersey,8010
2018-01-01,New Mexico,11783
2018-01-01,New York,26079
2018-01-01,North Carolina,43439
2018-01-01,North Dakota,4388
2018-01-01,Ohio,52079
2018-01-01,Oklahoma,23460
2018-01-01,Oregon,27037
2018-01-01,Pennsylvania,78428
2018-01-01,Puerto Rico,2022
2018-01-01,Rhode Island,1882
2018-01-01,South Carolina,22311
2018-01-01,South Dakota,6556
2018-01-01,Tennessee,55251
2018-01-01,Texas,123042
2018-01-01,Utah,21187
2018-01-01,Vermont,2268
2018-01-01,Virgin Islands,137
2018-01-01,Virginia,35206
2018-01-01,Washington,51432
2018-01-01,West Virginia,15102
2018-01-01,Wisconsin,36791
2018-01-01,Wyoming,3971
2017-12-01,Alabama,56545
2017-12-01,Alaska,8330
2017-12-01,Arizona,41559
2017-12-01,Arkansas,29559
2017-12-01,California,142492
2017-12-01,Colorado,59800
2017-12-01,Connecticut,15455
2017-12-01,Delaware,5544
2017-12-01,District of Columbia,204
2017-12-01,Florida,137355
2017-12-01,Georgia,64491
2017-12-01,Guam,181
2017-12-01,Hawaii,1119
2017-12-01,Idaho,19750
2017-12-01,Illinois,163756
2017-12-01,Indiana,92261
2017-12-01,Iowa,19236
2017-12-01,Kansas,23133
2017-12-01,Kentucky,417841
2017-12-01,Louisiana,41735
2017-12-01,Maine,9364
2017-12-01,Mariana Islands,23
2017-12-01,Maryland,16062
2017-12-01,Massachusetts,17941
2017-12-01,Michigan,45578
2017-12-01,Minnesota,51143
2017-12-01,Mississippi,35528
2017-12-01,Missouri,62810
2017-12-01,Montana,12979
2017-12-01,Nebraska,8953
2017-12-01,Nevada,13626
2017-12-01,New Hampshire,12035
2017-12-01,New Jersey,9341
2017-12-01,New Mexico,18635
2017-12-01,New York,36347
2017-12-01,North Carolina,57209
2017-12-01,North Dakota,6528
2017-12-01,Ohio,78726
2017-12-01,Oklahoma,41245
2017-12-01,Oregon,38537
2017-12-01,Pennsylvania,107730
2017-12-01,Puerto Rico,2767
2017-12-01,Rhode Island,2269
2017-12-01,South Carolina,38260
2017-12-01,South Dakota,10507
2017-12-01,Tennessee,87983
2017-12-01,Texas,181236
2017-12-01,Utah,27220
2017-12-01,Vermont,3759
2017-12-01,Virgin Islands,131
2017-12-01,Virginia,60398
2017-12-01,Washington,58937
2017-12-01,West Virginia,27273
2017-12-01,Wisconsin,47120
2017-12-01,Wyoming,6940
2017-11-01,Alabama,47418
2017-11-01,Alaska,7527
2017-11-01,Arizona,34541
2017-11-01,Arkansas,26049
2017-11-01,California,140695
2017-11-01,Colorado,51473
2017-11-01,Connecticut,14334
2017-11-01,Delaware,4577
2017-11-01,District of Columbia,365
2017-11-01,Florida,123397
2017-11-01,Georgia,54950
2017-11-01,Guam,127
2017-11-01,Hawaii,1171
2017-11-01,Idaho,15772
2017-11-01,Illinois,150588
2017-11-01,Indiana,75879
2017-11-01,Iowa,17182
2017-11-01,Kansas,20460
2017-11-01,Kentucky,404508
2017-11-01,Louisiana,35485
2017-11-01,Maine,8578
2017-11-01,Mariana Islands,21
2017-11-01,Maryland,16266
2017-11-01,Massachusetts,17548
2017-11-01,Michigan,54350
2017-11-01,Minnesota,48087
2017-11-01,Mississippi,28188
2017-11-01,Missouri,56129
2017-11-01,Montana,11107
2017-11-01,Nebraska,8303
2017-11-01,Nevada,12064
2017-11-01,New Hampshire,11627
2017-11-01,New Jersey,9433
2017-11-01,New Mexico,16110
2017-11-01,New York,37306
2017-11-01,North Carolina,51839
2017-11-01,North Dakota,6334
2017-11-01,Ohio,76732
2017-11-01,Oklahoma,38406
2017-11-01,Oregon,34103
2017-11-01,Pennsylvania,104479
2017-11-01,Puerto Rico,2307
2017-11-01,Rhode Island,2173
2017-11-01,South Carolina,34132
2017-11-01,South Dakota,9908
2017-11-01,Tennessee,74800
2017-11-01,Texas,163358
2017-11-01,Utah,24359
2017-11-01,Vermont,3240
2017-11-01,Virgin Islands,86
2017-11-01,Virginia,53142
2017-11-01,Washington,53072
2017-11-01,West Virginia,24455
2017-11-01,Wisconsin,48683
2017-11-01,Wyoming,5665
2017-10-01,Alabama,36619
2017-10-01,Alaska,8080
2017-10-01,Arizona,29277
2017-10-01,Arkansas,20327
2017-10-01,California,119395
2017-10-01,Colorado,40163
2017-10-01,Connecticut,13201
2017-10-01,Delaware,3692
2017-10-01,District of Columbia,217
2017-10-01,Florida,103032
2017-10-01,Georgia,43293
2017-10-01,Guam,135
2017-10-01,Hawaii,1235
2017-10-01,Idaho,15130
2017-10-01,Illinois,122798
2017-10-01,Indiana,55336
2017-10-01,Iowa,14012
2017-10-01,Kansas,15018
2017-10-01,Kentucky,401155
2017-10-01,Louisiana,27436
2017-10-01,Maine,10328
2017-10-01,Mariana Islands,9
2017-10-01,Maryland,13651
2017-10-01,Massachusetts,16842
2017-10-01,Michigan,44262
2017-10-01,Minnesota,55012
2017-10-01,Mississippi,19080
2017-10-01,Missouri,43987
2017-10-01,Montana,11673
2017-10-01,Nebraska,6543
2017-10-01,Nevada,10198
2017-10-01,New Hampshire,10371
2017-10-01,New Jersey,7852
2017-10-01,New Mexico,13543
2017-10-01,New York,32615
2017-10-01,North Carolina,43211
2017-10-01,North Dakota,6209
2017-10-01,Ohio,56960
2017-10-01,Oklahoma,25822
2017-10-01,Oregon,27786
2017-10-01,Pennsylvania,87064
2017-10-01,Puerto Rico,1306
2017-10-01,Rhode Island,2103
2017-10-01,South Carolina,28996
2017-10-01,South Dakota,9244
2017-10-01,Tennessee,55531
2017-10-01,Texas,129869
2017-10-01,Utah,19619
2017-10-01,Vermont,3463
2017-10-01,Virgin Islands,68
2017-10-01,Virginia,40293
2017-10-01,Washington,48147
2017-10-01,West Virginia,18256
2017-10-01,Wisconsin,43183
2017-10-01,Wyoming,4370
2017-09-01,Alabama,32019
2017-09-01,Alaska,6303
2017-09-01,Arizona,28394
2017-09-01,Arkansas,17747
2017-09-01,California,123506
2017-09-01,Colorado,35873
2017-09-01,Connecticut,12117
2017-09-01,Delaware,3502
2017-09-01,District of Columbia,61
2017-09-01,Florida,77390
2017-09-01,Georgia,35371
2017-09-01,Guam,135
2017-09-01,Hawaii,948
2017-09-01,Idaho,14938
2017-09-01,Illinois,116449
2017-09-01,Indiana,48524
2017-09-01,Iowa,9975
2017-09-01,Kansas,12856
2017-09-01,Kentucky,398706
2017-09-01,Louisiana,27821
2017-09-01,Maine,8715
2017-09-01,Mariana Islands,16
2017-09-01,Maryland,11255
2017-09-01,Massachusetts,15460
2017-09-01,Michigan,36944
2017-09-01,Minnesota,44552
2017-09-01,Mississippi,17491
2017-09-01,Missouri,37571
2017-09-01,Montana,10283
2017-09-01,Nebraska,5345
2017-09-01,Nevada,9460
2017-09-01,New Hampshire,10689
2017-09-01,New Jersey,7165
2017-09-01,New Mexico,12491
2017-09-01,New York,30703
2017-09-01,North Carolina,37325
2017-09-01,North Dakota,5212
2017-09-01,Ohio,49942
2017-09-01,Oklahoma,23371
2017-09-01,Oregon,27277
2017-09-01,Pennsylvania,77003
2017-09-01,Puerto Rico,791
2017-09-01,Rhode Island,1799
2017-09-01,South Carolina,25930
2017-09-01,South Dakota,7457
2017-09-01,Tennessee,50945
2017-09-01,Texas,128260
2017-09-01,Utah,20041
2017-09-01,Vermont,3084
2017-09-01,Virgin Islands,9
2017-09-01,Virginia,36446
2017-09-01,Washington,43049
2017-09-01,West Virginia,16723
2017-09-01,Wisconsin,37506
2017-09-01,Wyoming,4281
2017-08-01,Alabama,35038
2017-08-01,Alaska,6946
2017-08-01,Arizona,29376
2017-08-01,Arkansas,17517
2017-08-01,California,130901
2017-08-01,Colorado,37150
2017-08-01,Connecticut,14019
2017-08-01,Delaware,3509
2017-08-01,District of Columbia,80
2017-08-01,Florida,96664
2017-08-01,Georgia,38830
2017-08-01,Guam,159
2017-08-01,Hawaii,1079
2017-08-01,Idaho,13341
2017-08-01,Illinois,126921
2017-08-01,Indiana,47649
2017-08-01,Iowa,9416
2017-08-01,Kansas,13097
2017-08-01,Kentucky,394718
2017-08-01,Louisiana,24694
2017-08-01,Maine,7751
2017-08-01,Mariana Islands,27
2017-08-01,Maryland,11561
2017-08-01,Massachusetts,16258
2017-08-01,Michigan,39255
2017-08-01,Minnesota,46613
2017-08-01,Mississippi,21963
2017-08-01,Missouri,37449
2017-08-01,Montana,9618
2017-08-01,Nebraska,5209
2017-08-01,Nevada,9035
2017-08-01,New Hampshire,9313
2017-08-01,New Jersey,7443
2017-08-01,New Mexico,11690
2017-08-01,New York,28779
2017-08-01,North Carolina,41122
2017-08-01,North Dakota,4874
2017-08-01,Ohio,51103
2017-08-01,Oklahoma,24061
2017-08-01,Oregon,24904
2017-08-01,Pennsylvania,79020
2017-08-01,Puerto Rico,1490
2017-08-01,Rhode Island,1718
2017-08-01,South Carolina,31663
2017-08-01,South Dakota,6686
2017-08-01,Tennessee,49945
2017-08-01,Texas,110946
2017-08-01,Utah,22010
2017-08-01,Vermont,2676
2017-08-01,Virgin Islands,132
2017-08-01,Virginia,39114
2017-08-01,Washington,42120
2017-08-01,West Virginia,14770
2017-08-01,Wisconsin,40924
2017-08-01,Wyoming,4111
2017-07-01,Alabama,31474
2017-07-01,Alaska,6487
2017-07-01,Arizona,25714
2017-07-01,Arkansas,14015
2017-07-01,California,114595
2017-07-01,Colorado,33811
2017-07-01,Connecticut,14525
2017-07-01,Delaware,2981
2017-07-01,District of Columbia,68
2017-07-01,Florida,92822
2017-07-01,Georgia,35085
2017-07-01,Guam,145
2017-07-01,Hawaii,1109
2017-07-01,Idaho,11871
2017-07-01,Illinois,108000
2017-07-01,Indiana,47145
2017-07-01,Iowa,8801
2017-07-01,Kansas,13775
2017-07-01,Kentucky,390494
2017-07-01,Louisiana,20454
2017-07-01,Maine,5837
2017-07-01,Mariana Islands,13
2017-07-01,Maryland,10088
2017-07-01,Massachusetts,12900
2017-07-01,Michigan,33378
2017-07-01,Minnesota,41186
2017-07-01,Mississippi,14388
2017-07-01,Missouri,32415
2017-07-01,Montana,7890
2017-07-01,Nebraska,4266
2017-07-01,Nevada,8310
2017-07-01,New Hampshire,8333
2017-07-01,New Jersey,7034
2017-07-01,New Mexico,10580
2017-07-01,New York,25576
2017-07-01,North Carolina,34784
2017-07-01,North Dakota,4136
2017-07-01,Ohio,49432
2017-07-01,Oklahoma,20738
2017-07-01,Oregon,23239
2017-07-01,Pennsylvania,73654
2017-07-01,Puerto Rico,1381
2017-07-01,Rhode Island,1646
2017-07-01,South Carolina,26567
2017-07-01,South Dakota,6068
2017-07-01,Tennessee,52643
2017-07-01,Texas,98338
2017-07-01,Utah,17925
2017-07-01,Vermont,2275
2017-07-01,Virgin Islands,151
2017-07-01,Virginia,36183
2017-07-01,Washington,38369
2017-07-01,West Virginia,13970
2017-07-01,Wisconsin,32846
2017-07-01,Wyoming,3398
2017-06-01,Alabama,35687
2017-06-01,Alaska,6353
2017-06-01,Arizona,28359
2017-06-01,Arkansas,16614
2017-06-01,California,130187
2017-06-01,Colorado,36459
2017-06-01,Connecticut,16504
2017-06-01,Delaware,3634
2017-06-01,District of Columbia,74
2017-06-01,Florida,100508
2017-06-01,Georgia,39874
2017-06-01,Guam,156
2017-06-01,Hawaii,1083
2017-06-01,Idaho,20241
2017-06-01,Illinois,113889
2017-06-01,Indiana,49689
2017-06-01,Iowa,8352
2017-06-01,Kansas,13485
2017-06-01,Kentucky,392002
2017-06-01,Louisiana,23497
2017-06-01,Maine,6474
2017-06-01,Mariana Islands,12
2017-06-01,Maryland,10945
2017-06-01,Massachusetts,15841
2017-06-01,Michigan,37088
2017-06-01,Minnesota,44775
2017-06-01,Mississippi,17154
2017-06-01,Missouri,36752
2017-06-01,Montana,9901
2017-06-01,Nebraska,4265
2017-06-01,Nevada,10602
2017-06-01,New Hampshire,9184
2017-06-01,New Jersey,7790
2017-06-01,New Mexico,11398
2017-06-01,New York,27677
2017-06-01,North Carolina,39169
2017-06-01,North Dakota,4939
2017-06-01,Ohio,53164
2017-06-01,Oklahoma,24632
2017-06-01,Oregon,27103
2017-06-01,Pennsylvania,76201
2017-06-01,Puerto Rico,1631
2017-06-01,Rhode Island,1899
2017-06-01,South Carolina,32995
2017-06-01,South Dakota,6704
2017-06-01,Tennessee,52959
2017-06-01,Texas,118091
2017-06-01,Utah,22138
2017-06-01,Vermont,2382
2017-06-01,Virgin Islands,153
2017-06-01,Virginia,36838
2017-06-01,Washington,46023
2017-06-01,West Virginia,14498
2017-06-01,Wisconsin,36267
2017-06-01,Wyoming,3975
2017-05-01,Alabama,33331
2017-05-01,Alaska,6442
2017-05-01,Arizona,28734
2017-05-01,Arkansas,16749
2017-05-01,California,129307
2017-05-01,Colorado,36008
2017-05-01,Connecticut,16149
2017-05-01,Delaware,4012
2017-05-01,District of Columbia,82
2017-05-01,Florida,96556
2017-05-01,Georgia,36905
2017-05-01,Guam,157
2017-05-01,Hawaii,1117
2017-05-01,Idaho,13065
2017-05-01,Illinois,121746
2017-05-01,Indiana,54347
2017-05-01,Iowa,10232
2017-05-01,Kansas,12337
2017-05-01,Kentucky,391740
2017-05-01,Louisiana,21311
2017-05-01,Maine,7200
2017-05-01,Mariana Islands,12
2017-05-01,Maryland,11660
2017-05-01,Massachusetts,16651
2017-05-01,Michigan,38548
2017-05-01,Minnesota,55570
2017-05-01,Mississippi,15680
2017-05-01,Missouri,34965
2017-05-01,Montana,9418
2017-05-01,Nebraska,5025
2017-05-01,Nevada,9803
2017-05-01,New Hampshire,8868
2017-05-01,New Jersey,8694
2017-05-01,New Mexico,11291
2017-05-01,New York,31294
2017-05-01,North Carolina,39413
2017-05-01,North Dakota,4654
2017-05-01,Ohio,56229
2017-05-01,Oklahoma,22693
2017-05-01,Oregon,26466
2017-05-01,Pennsylvania,79725
2017-05-01,Puerto Rico,1600
2017-05-01,Rhode Island,1883
2017-05-01,South Carolina,31248
2017-05-01,South Dakota,7004
2017-05-01,Tennessee,57763
2017-05-01,Texas,109732
2017-05-01,Utah,23844
2017-05-01,Vermont,2577
2017-05-01,Virgin Islands,79
2017-05-01,Virginia,36007
2017-05-01,Washington,45816
2017-05-01,West Virginia,15085
2017-05-01,Wisconsin,37888
2017-05-01,Wyoming,4128
2017-04-01,Alabama,32652
2017-04-01,Alaska,6983
2017-04-01,Arizona,32052
2017-04-01,Arkansas,16452
2017-04-01,California,132190
2017-04-01,Colorado,39989
2017-04-01,Connecticut,16406
2017-04-01,Delaware,4296
2017-04-01,District of Columbia,104
2017-04-01,Florida,103641
2017-04-01,Georgia,37829
2017-04-01,Guam,147
2017-04-01,Hawaii,888
2017-04-01,Idaho,15234
2017-04-01,Illinois,135507
2017-04-01,Indiana,63298
2017-04-01,Iowa,13017
2017-04-01,Kansas,15139
2017-04-01,Kentucky,392685
2017-04-01,Louisiana,22065
2017-04-01,Maine,8115
2017-04-01,Mariana Islands,13
2017-04-01,Maryland,13182
2017-04-01,Massachusetts,17866
2017-04-01,Michigan,41939
2017-04-01,Minnesota,71484
2017-04-01,Mississippi,16803
2017-04-01,Missouri,40019
2017-04-01,Montana,10293
2017-04-01,Nebraska,5745
2017-04-01,Nevada,10588
2017-04-01,New Hampshire,10792
2017-04-01,New Jersey,9119
2017-04-01,New Mexico,12748
2017-04-01,New York,33113
2017-04-01,North Carolina,39992
2017-04-01,North Dakota,6504
2017-04-01,Ohio,66800
2017-04-01,Oklahoma,27478
2017-04-01,Oregon,27936
2017-04-01,Pennsylvania,85908
2017-04-01,Puerto Rico,1387
2017-04-01,Rhode Island,2133
2017-04-01,South Carolina,30218
2017-04-01,South Dakota,7857
2017-04-01,Tennessee,57852
2017-04-01,Texas,109961
2017-04-01,Utah,23177
2017-04-01,Vermont,3818
2017-04-01,Virgin Islands,111
2017-04-01,Virginia,48631
2017-04-01,Washington,47895
2017-04-01,West Virginia,16988
2017-04-01,Wisconsin,45872
2017-04-01,Wyoming,4269
2017-03-01,Alabama,48769
2017-03-01,Alaska,6971
2017-03-01,Arizona,38170
2017-03-01,Arkansas,23290
2017-03-01,California,146592
2017-03-01,Colorado,45645
2017-03-01,Connecticut,18787
2017-03-01,Delaware,5527
2017-03-01,District of Columbia,111
2017-03-01,Florida,122716
2017-03-01,Georgia,57235
2017-03-01,Guam,136
2017-03-01,Hawaii,1090
2017-03-01,Idaho,16675
2017-03-01,Illinois,163728
2017-03-01,Indiana,79624
2017-03-01,Iowa,20026
2017-03-01,Kansas,17891
2017-03-01,Kentucky,397959
2017-03-01,Louisiana,29310
2017-03-01,Maine,9632
2017-03-01,Mariana Islands,11
2017-03-01,Maryland,15769
2017-03-01,Massachusetts,21059
2017-03-01,Michigan,54452
2017-03-01,Minnesota,77749
2017-03-01,Mississippi,24421
2017-03-01,Missouri,52928
2017-03-01,Montana,12396
2017-03-01,Nebraska,7337
2017-03-01,Nevada,14158
2017-03-01,New Hampshire,13529
2017-03-01,New Jersey,10993
2017-03-01,New Mexico,14963
2017-03-01,New York,35608
2017-03-01,North Carolina,55574
2017-03-01,North Dakota,6461
2017-03-01,Ohio,81153
2017-03-01,Oklahoma,30518
2017-03-01,Oregon,32423
2017-03-01,Pennsylvania,110334
2017-03-01,Puerto Rico,1560
2017-03-01,Rhode Island,2553
2017-03-01,South Carolina,43113
2017-03-01,South Dakota,9770
2017-03-01,Tennessee,74655
2017-03-01,Texas,144270
2017-03-01,Utah,26941
2017-03-01,Vermont,4051
2017-03-01,Virgin Islands,96
2017-03-01,Virginia,49368
2017-03-01,Washington,58069
2017-03-01,West Virginia,22529
2017-03-01,Wisconsin,58739
2017-03-01,Wyoming,5315
2017-02-01,Alabama,46251
2017-02-01,Alaska,5917
2017-02-01,Arizona,37388
2017-02-01,Arkansas,22548
2017-02-01,California,129885
2017-02-01,Colorado,43577
2017-02-01,Connecticut,15209
2017-02-01,Delaware,5066
2017-02-01,District of Columbia,93
2017-02-01,Florida,117892
2017-02-01,Georgia,53177
2017-02-01,Guam,132
2017-02-01,Hawaii,1037
2017-02-01,Idaho,14936
2017-02-01,Illinois,139697
2017-02-01,Indiana,136193
2017-02-01,Iowa,15025
2017-02-01,Kansas,19211
2017-02-01,Kentucky,313748
2017-02-01,Louisiana,27684
2017-02-01,Maine,7731
2017-02-01,Mariana Islands,0
2017-02-01,Maryland,14852
2017-02-01,Massachusetts,18130
2017-02-01,Michigan,48382
2017-02-01,Minnesota,62051
2017-02-01,Mississippi,24043
2017-02-01,Missouri,50850
2017-02-01,Montana,10386
2017-02-01,Nebraska,7122
2017-02-01,Nevada,11765
2017-02-01,New Hampshire,12282
2017-02-01,New Jersey,9601
2017-02-01,New Mexico,15364
2017-02-01,New York,31910
2017-02-01,North Carolina,51627
2017-02-01,North Dakota,6193
2017-02-01,Ohio,74257
2017-02-01,Oklahoma,30840
2017-02-01,Oregon,29183
2017-02-01,Pennsylvania,95585
2017-02-01,Puerto Rico,1259
2017-02-01,Rhode Island,2354
2017-02-01,South Carolina,41969
2017-02-01,South Dakota,9754
2017-02-01,Tennessee,69264
2017-02-01,Texas,137470
2017-02-01,Utah,24889
2017-02-01,Vermont,3594
2017-02-01,Virgin Islands,106
2017-02-01,Virginia,47038
2017-02-01,Washington,52154
2017-02-01,West Virginia,22449
2017-02-01,Wisconsin,50720
2017-02-01,Wyoming,4554
2017-01-01,Alabama,41542
2017-01-01,Alaska,4500
2017-01-01,Arizona,31366
2017-01-01,Arkansas,16762
2017-01-01,California,130365
2017-01-01,Colorado,37047
2017-01-01,Connecticut,15073
2017-01-01,Delaware,4299
2017-01-01,District of Columbia,81
2017-01-01,Florida,104576
2017-01-01,Georgia,44615
2017-01-01,Guam,205
2017-01-01,Hawaii,866
2017-01-01,Idaho,11146
2017-01-01,Illinois,138008
2017-01-01,Indiana,80412
2017-01-01,Iowa,15707
2017-01-01,Kansas,15049
2017-01-01,Kentucky,345924
2017-01-01,Louisiana,27709
2017-01-01,Maine,6865
2017-01-01,Mariana Islands,2
2017-01-01,Maryland,13368
2017-01-01,Massachusetts,19996
2017-01-01,Michigan,39067
2017-01-01,Minnesota,85322
2017-01-01,Mississippi,17113
2017-01-01,Missouri,39098
2017-01-01,Montana,7994
2017-01-01,Nebraska,6205
2017-01-01,Nevada,10013
2017-01-01,New Hampshire,12067
2017-01-01,New Jersey,9274
2017-01-01,New Mexico,10966
2017-01-01,New York,31567
2017-01-01,North Carolina,46548
2017-01-01,North Dakota,4933
2017-01-01,Ohio,58574
2017-01-01,Oklahoma,24547
2017-01-01,Oregon,22210
2017-01-01,Pennsylvania,85948
2017-01-01,Puerto Rico,1332
2017-01-01,Rhode Island,2147
2017-01-01,South Carolina,31829
2017-01-01,South Dakota,7614
2017-01-01,Tennessee,83613
2017-01-01,Texas,117903
2017-01-01,Utah,18314
2017-01-01,Vermont,2691
2017-01-01,Virgin Islands,88
2017-01-01,Virginia,37369
2017-01-01,Washington,46027
2017-01-01,West Virginia,15772
2017-01-01,Wisconsin,46775
2017-01-01,Wyoming,3705
2016-12-01,Alabama,62014
2016-12-01,Alaska,8786
2016-12-01,Arizona,44887
2016-12-01,Arkansas,29926
2016-12-01,California,298161
2016-12-01,Colorado,55428
2016-12-01,Connecticut,17825
2016-12-01,Delaware,6356
2016-12-01,District of Columbia,71
2016-12-01,Florida,144983
2016-12-01,Georgia,68269
2016-12-01,Guam,172
2016-12-01,Hawaii,1141
2016-12-01,Idaho,17034
2016-12-01,Illinois,137994
2016-12-01,Indiana,95672
2016-12-01,Iowa,18090
2016-12-01,Kansas,22282
2016-12-01,Kentucky,397059
2016-12-01,Louisiana,51493
2016-12-01,Maine,10528
2016-12-01,Mariana Islands,0
2016-12-01,Maryland,17984
2016-12-01,Massachusetts,19842
2016-12-01,Michigan,47834
2016-12-01,Minnesota,60056
2016-12-01,Mississippi,36091
2016-12-01,Missouri,63289
2016-12-01,Montana,12610
2016-12-01,Nebraska,8790
2016-12-01,Nevada,14889
2016-12-01,New Hampshire,14305
2016-12-01,New Jersey,10577
2016-12-01,New Mexico,17518
2016-12-01,New York,40292
2016-12-01,North Carolina,65145
2016-12-01,North Dakota,6261
2016-12-01,Ohio,88178
2016-12-01,Oklahoma,43082
2016-12-01,Oregon,35754
2016-12-01,Pennsylvania,111913
2016-12-01,Puerto Rico,1664
2016-12-01,Rhode Island,2542
2016-12-01,South Carolina,43044
2016-12-01,South Dakota,10739
2016-12-01,Tennessee,74884
2016-12-01,Texas,181572
2016-12-01,Utah,29485
2016-12-01,Vermont,3977
2016-12-01,Virgin Islands,67
2016-12-01,Virginia,62649
2016-12-01,Washington,59181
2016-12-01,West Virginia,27242
2016-12-01,Wisconsin,56928
2016-12-01,Wyoming,6560
2016-11-01,Alabama,50477
2016-11-01,Alaska,8514
2016-11-01,Arizona,39722
2016-11-01,Arkansas,26901
2016-11-01,California,224039
2016-11-01,Colorado,54418
2016-11-01,Connecticut,17223
2016-11-01,Delaware,5791
2016-11-01,District of Columbia,56
2016-11-01,Florida,134638
2016-11-01,Georgia,58723
2016-11-01,Guam,176
2016-11-01,Hawaii,1347
2016-11-01,Idaho,13965
2016-11-01,Illinois,161604
2016-11-01,Indiana,92535
2016-11-01,Iowa,18540
2016-11-01,Kansas,22646
2016-11-01,Kentucky,330444
2016-11-01,Louisiana,39979
2016-11-01,Maine,10506
2016-11-01,Mariana Islands,4
2016-11-01,Maryland,17647
2016-11-01,Massachusetts,21581
2016-11-01,Michigan,56137
2016-11-01,Minnesota,62666
2016-11-01,Mississippi,29113
2016-11-01,Missouri,57501
2016-11-01,Montana,12074
2016-11-01,Nebraska,9086
2016-11-01,Nevada,14476
2016-11-01,New Hampshire,15256
2016-11-01,New Jersey,11317
2016-11-01,New Mexico,15116
2016-11-01,New York,43009
2016-11-01,North Carolina,59658
2016-11-01,North Dakota,6494
2016-11-01,Ohio,88928
2016-11-01,Oklahoma,40123
2016-11-01,Oregon,33555
2016-11-01,Pennsylvania,118378
2016-11-01,Puerto Rico,1590
2016-11-01,Rhode Island,2658
2016-11-01,South Carolina,39711
2016-11-01,South Dakota,11622
2016-11-01,Tennessee,74722
2016-11-01,Texas,157519
2016-11-01,Utah,26928
2016-11-01,Vermont,3503
2016-11-01,Virgin Islands,76
2016-11-01,Virginia,58362
2016-11-01,Washington,56963
2016-11-01,West Virginia,25378
2016-11-01,Wisconsin,65277
2016-11-01,Wyoming,5814
2016-10-01,Alabama,43251
2016-10-01,Alaska,9383
2016-10-01,Arizona,34134
2016-10-01,Arkansas,22709
2016-10-01,California,180968
2016-10-01,Colorado,45337
2016-10-01,Connecticut,16048
2016-10-01,Delaware,5757
2016-10-01,District of Columbia,61
2016-10-01,Florida,111657
2016-10-01,Georgia,48308
2016-10-01,Guam,220
2016-10-01,Hawaii,1277
2016-10-01,Idaho,14160
2016-10-01,Illinois,169348
2016-10-01,Indiana,72085
2016-10-01,Iowa,14908
2016-10-01,Kansas,17656
2016-10-01,Kentucky,378973
2016-10-01,Louisiana,32820
2016-10-01,Maine,12954
2016-10-01,Mariana Islands,1
2016-10-01,Maryland,14405
2016-10-01,Massachusetts,19500
2016-10-01,Michigan,49099
2016-10-01,Minnesota,70854
2016-10-01,Mississippi,21433
2016-10-01,Missouri,50651
2016-10-01,Montana,13411
2016-10-01,Nebraska,7834
2016-10-01,Nevada,12026
2016-10-01,New Hampshire,15045
2016-10-01,New Jersey,10175
2016-10-01,New Mexico,13089
2016-10-01,New York,37907
2016-10-01,North Carolina,49372
2016-10-01,North Dakota,7283
2016-10-01,Ohio,71864
2016-10-01,Oklahoma,28578
2016-10-01,Oregon,28948
2016-10-01,Pennsylvania,103095
2016-10-01,Puerto Rico,1429
2016-10-01,Rhode Island,2448
2016-10-01,South Carolina,31780
2016-10-01,South Dakota,12670
2016-10-01,Tennessee,56652
2016-10-01,Texas,144467
2016-10-01,Utah,23339
2016-10-01,Vermont,3769
2016-10-01,Virgin Islands,66
2016-10-01,Virginia,46862
2016-10-01,Washington,57746
2016-10-01,West Virginia,20035
2016-10-01,Wisconsin,63442
2016-10-01,Wyoming,5228
2016-09-01,Alabama,41336
2016-09-01,Alaska,6867
2016-09-01,Arizona,33390
2016-09-01,Arkansas,18826
2016-09-01,California,159077
2016-09-01,Colorado,40013
2016-09-01,Connecticut,14955
2016-09-01,Delaware,4160
2016-09-01,District of Columbia,52
2016-09-01,Florida,102843
2016-09-01,Georgia,41621
2016-09-01,Guam,189
2016-09-01,Hawaii,1247
2016-09-01,Idaho,12611
2016-09-01,Illinois,127535
2016-09-01,Indiana,63820
2016-09-01,Iowa,12094
2016-09-01,Kansas,14051
2016-09-01,Kentucky,298753
2016-09-01,Louisiana,33656
2016-09-01,Maine,10550
2016-09-01,Mariana Islands,1
2016-09-01,Maryland,12161
2016-09-01,Massachusetts,17481
2016-09-01,Michigan,41363
2016-09-01,Minnesota,58507
2016-09-01,Mississippi,19705
2016-09-01,Missouri,41437
2016-09-01,Montana,11479
2016-09-01,Nebraska,6099
2016-09-01,Nevada,10434
2016-09-01,New Hampshire,13329
2016-09-01,New Jersey,9309
2016-09-01,New Mexico,11867
2016-09-01,New York,33599
2016-09-01,North Carolina,46452
2016-09-01,North Dakota,5883
2016-09-01,Ohio,58828
2016-09-01,Oklahoma,25309
2016-09-01,Oregon,26487
2016-09-01,Pennsylvania,86424
2016-09-01,Puerto Rico,1383
2016-09-01,Rhode Island,2052
2016-09-01,South Carolina,28988
2016-09-01,South Dakota,9284
2016-09-01,Tennessee,48546
2016-09-01,Texas,126694
2016-09-01,Utah,19914
2016-09-01,Vermont,3130
2016-09-01,Virgin Islands,75
2016-09-01,Virginia,38779
2016-09-01,Washington,48147
2016-09-01,West Virginia,18079
2016-09-01,Wisconsin,59639
2016-09-01,Wyoming,5086
2016-08-01,Alabama,42455
2016-08-01,Alaska,7194
2016-08-01,Arizona,33422
2016-08-01,Arkansas,21692
2016-08-01,California,176770
2016-08-01,Colorado,40996
2016-08-01,Connecticut,27353
2016-08-01,Delaware,4169
2016-08-01,District of Columbia,62
2016-08-01,Florida,114446
2016-08-01,Georgia,44370
2016-08-01,Guam,170
2016-08-01,Hawaii,1305
2016-08-01,Idaho,11635
2016-08-01,Illinois,185912
2016-08-01,Indiana,79202
2016-08-01,Iowa,12518
2016-08-01,Kansas,13770
2016-08-01,Kentucky,29746
2016-08-01,Louisiana,30716
2016-08-01,Maine,8204
2016-08-01,Mariana Islands,3
2016-08-01,Maryland,12510
2016-08-01,Massachusetts,18138
2016-08-01,Michigan,41493
2016-08-01,Minnesota,51700
2016-08-01,Mississippi,26351
2016-08-01,Missouri,44182
2016-08-01,Montana,10672
2016-08-01,Nebraska,6405
2016-08-01,Nevada,10520
2016-08-01,New Hampshire,12039
2016-08-01,New Jersey,9728
2016-08-01,New Mexico,12341
2016-08-01,New York,30808
2016-08-01,North Carolina,46518
2016-08-01,North Dakota,5461
2016-08-01,Ohio,62418
2016-08-01,Oklahoma,25927
2016-08-01,Oregon,22911
2016-08-01,Pennsylvania,86652
2016-08-01,Puerto Rico,1370
2016-08-01,Rhode Island,2090
2016-08-01,South Carolina,31389
2016-08-01,South Dakota,7873
2016-08-01,Tennessee,60971
2016-08-01,Texas,124608
2016-08-01,Utah,21178
2016-08-01,Vermont,2724
2016-08-01,Virgin Islands,90
2016-08-01,Virginia,38667
2016-08-01,Washington,46645
2016-08-01,West Virginia,17315
2016-08-01,Wisconsin,53689
2016-08-01,Wyoming,5295
2016-07-01,Alabama,48927
2016-07-01,Alaska,6793
2016-07-01,Arizona,34496
2016-07-01,Arkansas,19378
2016-07-01,California,190218
2016-07-01,Colorado,43094
2016-07-01,Connecticut,29755
2016-07-01,Delaware,4494
2016-07-01,District of Columbia,60
2016-07-01,Florida,125208
2016-07-01,Georgia,49183
2016-07-01,Guam,173
2016-07-01,Hawaii,1565
2016-07-01,Idaho,12154
2016-07-01,Illinois,168227
2016-07-01,Indiana,88340
2016-07-01,Iowa,11937
2016-07-01,Kansas,14140
2016-07-01,Kentucky,363085
2016-07-01,Louisiana,41063
2016-07-01,Maine,7702
2016-07-01,Mariana Islands,1
2016-07-01,Maryland,12228
2016-07-01,Massachusetts,20480
2016-07-01,Michigan,40142
2016-07-01,Minnesota,43368
2016-07-01,Mississippi,21907
2016-07-01,Missouri,46637
2016-07-01,Montana,9869
2016-07-01,Nebraska,5429
2016-07-01,Nevada,11785
2016-07-01,New Hampshire,13068
2016-07-01,New Jersey,10074
2016-07-01,New Mexico,12219
2016-07-01,New York,29513
2016-07-01,North Carolina,44123
2016-07-01,North Dakota,5470
2016-07-01,Ohio,63148
2016-07-01,Oklahoma,25946
2016-07-01,Oregon,24813
2016-07-01,Pennsylvania,86137
2016-07-01,Puerto Rico,1331
2016-07-01,Rhode Island,2368
2016-07-01,South Carolina,32730
2016-07-01,South Dakota,7406
2016-07-01,Tennessee,57653
2016-07-01,Texas,127207
2016-07-01,Utah,17608
2016-07-01,Vermont,2674
2016-07-01,Virgin Islands,105
2016-07-01,Virginia,43574
2016-07-01,Washington,47887
2016-07-01,West Virginia,16791
2016-07-01,Wisconsin,38922
2016-07-01,Wyoming,4585
2016-06-01,Alabama,44976
2016-06-01,Alaska,7406
2016-06-01,Arizona,32540
2016-06-01,Arkansas,18779
2016-06-01,California,173846
2016-06-01,Colorado,41134
2016-06-01,Connecticut,33475
2016-06-01,Delaware,4987
2016-06-01,District of Columbia,72
2016-06-01,Florida,125567
2016-06-01,Georgia,42626
2016-06-01,Guam,164
2016-06-01,Hawaii,1754
2016-06-01,Idaho,12947
2016-06-01,Illinois,164500
2016-06-01,Indiana,94326
2016-06-01,Iowa,12209
2016-06-01,Kansas,12364
2016-06-01,Kentucky,360293
2016-06-01,Louisiana,26278
2016-06-01,Maine,7858
2016-06-01,Mariana Islands,1
2016-06-01,Maryland,11647
2016-06-01,Massachusetts,17743
2016-06-01,Michigan,39580
2016-06-01,Minnesota,47916
2016-06-01,Mississippi,17507
2016-06-01,Missouri,45384
2016-06-01,Montana,10610
2016-06-01,Nebraska,5777
2016-06-01,Nevada,11771
2016-06-01,New Hampshire,12661
2016-06-01,New Jersey,10806
2016-06-01,New Mexico,12560
2016-06-01,New York,28472
2016-06-01,North Carolina,44535
2016-06-01,North Dakota,6568
2016-06-01,Ohio,60366
2016-06-01,Oklahoma,26167
2016-06-01,Oregon,25502
2016-06-01,Pennsylvania,80806
2016-06-01,Puerto Rico,1298
2016-06-01,Rhode Island,2302
2016-06-01,South Carolina,30209
2016-06-01,South Dakota,7519
2016-06-01,Tennessee,56218
2016-06-01,Texas,120263
2016-06-01,Utah,28189
2016-06-01,Vermont,2688
2016-06-01,Virgin Islands,106
2016-06-01,Virginia,37593
2016-06-01,Washington,50487
2016-06-01,West Virginia,16423
2016-06-01,Wisconsin,30747
2016-06-01,Wyoming,4812
2016-05-01,Alabama,36157
2016-05-01,Alaska,5991
2016-05-01,Arizona,28671
2016-05-01,Arkansas,16422
2016-05-01,California,166035
2016-05-01,Colorado,36512
2016-05-01,Connecticut,29247
2016-05-01,Delaware,4355
2016-05-01,District of Columbia,110
2016-05-01,Florida,94732
2016-05-01,Georgia,33740
2016-05-01,Guam,194
2016-05-01,Hawaii,1316
2016-05-01,Idaho,8658
2016-05-01,Illinois,119574
2016-05-01,Indiana,119897
2016-05-01,Iowa,12578
2016-05-01,Kansas,10559
2016-05-01,Kentucky,321666
2016-05-01,Louisiana,20462
2016-05-01,Maine,6572
2016-05-01,Mariana Islands,1
2016-05-01,Maryland,11176
2016-05-01,Massachusetts,15449
2016-05-01,Michigan,37823
2016-05-01,Minnesota,42135
2016-05-01,Mississippi,15159
2016-05-01,Missouri,40752
2016-05-01,Montana,9551
2016-05-01,Nebraska,4956
2016-05-01,Nevada,10105
2016-05-01,New Hampshire,10869
2016-05-01,New Jersey,9770
2016-05-01,New Mexico,10847
2016-05-01,New York,26336
2016-05-01,North Carolina,38727
2016-05-01,North Dakota,4620
2016-05-01,Ohio,58406
2016-05-01,Oklahoma,21379
2016-05-01,Oregon,21266
2016-05-01,Pennsylvania,70244
2016-05-01,Puerto Rico,1202
2016-05-01,Rhode Island,1648
2016-05-01,South Carolina,24923
2016-05-01,South Dakota,6403
2016-05-01,Tennessee,44044
2016-05-01,Texas,104134
2016-05-01,Utah,24045
2016-05-01,Vermont,2247
2016-05-01,Virgin Islands,112
2016-05-01,Virginia,30787
2016-05-01,Washington,41282
2016-05-01,West Virginia,14918
2016-05-01,Wisconsin,27431
2016-05-01,Wyoming,4504
2016-04-01,Alabama,41239
2016-04-01,Alaska,6867
2016-04-01,Arizona,32005
2016-04-01,Arkansas,19048
2016-04-01,California,171256
2016-04-01,Colorado,41636
2016-04-01,Connecticut,32657
2016-04-01,Delaware,4316
2016-04-01,District of Columbia,69
2016-04-01,Florida,104114
2016-04-01,Georgia,41265
2016-04-01,Guam,160
2016-04-01,Hawaii,1453
2016-04-01,Idaho,10638
2016-04-01,Illinois,154306
2016-04-01,Indiana,126579
2016-04-01,Iowa,15435
2016-04-01,Kansas,13227
2016-04-01,Kentucky,306214
2016-04-01,Louisiana,23719
2016-04-01,Maine,8567
2016-04-01,Mariana Islands,0
2016-04-01,Maryland,13007
2016-04-01,Massachusetts,17505
2016-04-01,Michigan,48163
2016-04-01,Minnesota,57100
2016-04-01,Mississippi,17182
2016-04-01,Missouri,49098
2016-04-01,Montana,10728
2016-04-01,Nebraska,6280
2016-04-01,Nevada,11803
2016-04-01,New Hampshire,12630
2016-04-01,New Jersey,10465
2016-04-01,New Mexico,12421
2016-04-01,New York,31789
2016-04-01,North Carolina,43592
2016-04-01,North Dakota,6039
2016-04-01,Ohio,71881
2016-04-01,Oklahoma,26489
2016-04-01,Oregon,23132
2016-04-01,Pennsylvania,88140
2016-04-01,Puerto Rico,1185
2016-04-01,Rhode Island,2125
2016-04-01,South Carolina,30929
2016-04-01,South Dakota,8275
2016-04-01,Tennessee,57837
2016-04-01,Texas,126292
2016-04-01,Utah,30706
2016-04-01,Vermont,3220
2016-04-01,Virgin Islands,85
2016-04-01,Virginia,36219
2016-04-01,Washington,65565
2016-04-01,West Virginia,17825
2016-04-01,Wisconsin,38403
2016-04-01,Wyoming,5029
2016-03-01,Alabama,55486
2016-03-01,Alaska,6982
2016-03-01,Arizona,35795
2016-03-01,Arkansas,24390
2016-03-01,California,201041
2016-03-01,Colorado,46430
2016-03-01,Connecticut,35332
2016-03-01,Delaware,4986
2016-03-01,District of Columbia,85
2016-03-01,Florida,119207
2016-03-01,Georgia,55396
2016-03-01,Guam,188
2016-03-01,Hawaii,1469
2016-03-01,Idaho,13824
2016-03-01,Illinois,175762
2016-03-01,Indiana,151821
2016-03-01,Iowa,23526
2016-03-01,Kansas,16593
2016-03-01,Kentucky,321318
2016-03-01,Louisiana,26552
2016-03-01,Maine,9429
2016-03-01,Mariana Islands,1
2016-03-01,Maryland,14546
2016-03-01,Massachusetts,20450
2016-03-01,Michigan,59827
2016-03-01,Minnesota,56311
2016-03-01,Mississippi,21727
2016-03-01,Missouri,64449
2016-03-01,Montana,11967
2016-03-01,Nebraska,8315
2016-03-01,Nevada,13550
2016-03-01,New Hampshire,14498
2016-03-01,New Jersey,11138
2016-03-01,New Mexico,13999
2016-03-01,New York,34781
2016-03-01,North Carolina,53581
2016-03-01,North Dakota,6281
2016-03-01,Ohio,85267
2016-03-01,Oklahoma,29112
2016-03-01,Oregon,27093
2016-03-01,Pennsylvania,105145
2016-03-01,Puerto Rico,1188
2016-03-01,Rhode Island,2516
2016-03-01,South Carolina,38503
2016-03-01,South Dakota,9178
2016-03-01,Tennessee,51955
2016-03-01,Texas,152465
2016-03-01,Utah,30548
2016-03-01,Vermont,3861
2016-03-01,Virgin Islands,90
2016-03-01,Virginia,42741
2016-03-01,Washington,126000
2016-03-01,West Virginia,22143
2016-03-01,Wisconsin,44925
2016-03-01,Wyoming,5302
2016-02-01,Alabama,77411
2016-02-01,Alaska,6779
2016-02-01,Arizona,35307
2016-02-01,Arkansas,27506
2016-02-01,California,214844
2016-02-01,Colorado,47302
2016-02-01,Connecticut,32110
2016-02-01,Delaware,5173
2016-02-01,District of Columbia,95
2016-02-01,Florida,132010
2016-02-01,Georgia,66777
2016-02-01,Guam,141
2016-02-01,Hawaii,1424
2016-02-01,Idaho,15520
2016-02-01,Illinois,169908
2016-02-01,Indiana,221556
2016-02-01,Iowa,23728
2016-02-01,Kansas,19817
2016-02-01,Kentucky,266913
2016-02-01,Louisiana,32939
2016-02-01,Maine,9868
2016-02-01,Mariana Islands,1
2016-02-01,Maryland,14735
2016-02-01,Massachusetts,17835
2016-02-01,Michigan,61421
2016-02-01,Minnesota,50144
2016-02-01,Mississippi,28656
2016-02-01,Missouri,67682
2016-02-01,Montana,12644
2016-02-01,Nebraska,8576
2016-02-01,Nevada,14342
2016-02-01,New Hampshire,14577
2016-02-01,New Jersey,9811
2016-02-01,New Mexico,16662
2016-02-01,New York,34195
2016-02-01,North Carolina,58096
2016-02-01,North Dakota,5799
2016-02-01,Ohio,90222
2016-02-01,Oklahoma,37589
2016-02-01,Oregon,28869
2016-02-01,Pennsylvania,104116
2016-02-01,Puerto Rico,1088
2016-02-01,Rhode Island,2392
2016-02-01,South Carolina,39376
2016-02-01,South Dakota,10732
2016-02-01,Tennessee,68503
2016-02-01,Texas,192417
2016-02-01,Utah,22999
2016-02-01,Vermont,4173
2016-02-01,Virgin Islands,115
2016-02-01,Virginia,47955
2016-02-01,Washington,56043
2016-02-01,West Virginia,27216
2016-02-01,Wisconsin,42855
2016-02-01,Wyoming,5703
2016-01-01,Alabama,73218
2016-01-01,Alaska,6085
2016-01-01,Arizona,31910
2016-01-01,Arkansas,20437
2016-01-01,California,220912
2016-01-01,Colorado,48214
2016-01-01,Connecticut,31712
2016-01-01,Delaware,4886
2016-01-01,District of Columbia,82
2016-01-01,Florida,125935
2016-01-01,Georgia,62707
2016-01-01,Guam,176
2016-01-01,Hawaii,1383
2016-01-01,Idaho,13197
2016-01-01,Illinois,189400
2016-01-01,Indiana,230892
2016-01-01,Iowa,26714
2016-01-01,Kansas,19443
2016-01-01,Kentucky,302383
2016-01-01,Louisiana,32192
2016-01-01,Maine,8844
2016-01-01,Mariana Islands,3
2016-01-01,Maryland,13321
2016-01-01,Massachusetts,20208
2016-01-01,Michigan,56723
2016-01-01,Minnesota,50842
2016-01-01,Mississippi,21330
2016-01-01,Missouri,61257
2016-01-01,Montana,10722
2016-01-01,Nebraska,11116
2016-01-01,Nevada,12291
2016-01-01,New Hampshire,16887
2016-01-01,New Jersey,8683
2016-01-01,New Mexico,12577
2016-01-01,New York,34071
2016-01-01,North Carolina,51646
2016-01-01,North Dakota,5877
2016-01-01,Ohio,76218
2016-01-01,Oklahoma,34889
2016-01-01,Oregon,26378
2016-01-01,Pennsylvania,102170
2016-01-01,Puerto Rico,1133
2016-01-01,Rhode Island,2617
2016-01-01,South Carolina,31396
2016-01-01,South Dakota,10220
2016-01-01,Tennessee,62789
2016-01-01,Texas,164088
2016-01-01,Utah,19968
2016-01-01,Vermont,3451
2016-01-01,Virgin Islands,100
2016-01-01,Virginia,44181
2016-01-01,Washington,58050
2016-01-01,West Virginia,18985
2016-01-01,Wisconsin,39561
2016-01-01,Wyoming,5676
2015-12-01,Alabama,120914
2015-12-01,Alaska,11055
2015-12-01,Arizona,47759
2015-12-01,Arkansas,36886
2015-12-01,California,252946
2015-12-01,Colorado,64547
2015-12-01,Connecticut,36673
2015-12-01,Delaware,7670
2015-12-01,District of Columbia,95
2015-12-01,Florida,168935
2015-12-01,Georgia,96508
2015-12-01,Guam,218
2015-12-01,Hawaii,1644
2015-12-01,Idaho,18544
2015-12-01,Illinois,182255
2015-12-01,Indiana,214035
2015-12-01,Iowa,25941
2015-12-01,Kansas,28091
2015-12-01,Kentucky,308824
2015-12-01,Louisiana,59760
2015-12-01,Maine,14076
2015-12-01,Mariana Islands,1
2015-12-01,Maryland,17832
2015-12-01,Massachusetts,22723
2015-12-01,Michigan,76882
2015-12-01,Minnesota,64181
2015-12-01,Mississippi,44727
2015-12-01,Missouri,89366
2015-12-01,Montana,16667
2015-12-01,Nebraska,14768
2015-12-01,Nevada,18649
2015-12-01,New Hampshire,20626
2015-12-01,New Jersey,11018
2015-12-01,New Mexico,19335
2015-12-01,New York,48515
2015-12-01,North Carolina,76441
2015-12-01,North Dakota,8304
2015-12-01,Ohio,119897
2015-12-01,Oklahoma,56119
2015-12-01,Oregon,41065
2015-12-01,Pennsylvania,153826
2015-12-01,Puerto Rico,1335
2015-12-01,Rhode Island,3363
2015-12-01,South Carolina,48614
2015-12-01,South Dakota,14660
2015-12-01,Tennessee,100586
2015-12-01,Texas,241791
2015-12-01,Utah,31645
2015-12-01,Vermont,4731
2015-12-01,Virgin Islands,115
2015-12-01,Virginia,72526
2015-12-01,Washington,73158
2015-12-01,West Virginia,36037
2015-12-01,Wisconsin,52450
2015-12-01,Wyoming,8870
2015-11-01,Alabama,71137
2015-11-01,Alaska,7095
2015-11-01,Arizona,27087
2015-11-01,Arkansas,25048
2015-11-01,California,180116
2015-11-01,Colorado,42271
2015-11-01,Connecticut,26438
2015-11-01,Delaware,5040
2015-11-01,District of Columbia,64
2015-11-01,Florida,103532
2015-11-01,Georgia,50795
2015-11-01,Guam,171
2015-11-01,Hawaii,1252
2015-11-01,Idaho,11925
2015-11-01,Illinois,129861
2015-11-01,Indiana,130333
2015-11-01,Iowa,13794
2015-11-01,Kansas,18433
2015-11-01,Kentucky,295891
2015-11-01,Louisiana,37752
2015-11-01,Maine,9297
2015-11-01,Mariana Islands,0
2015-11-01,Maryland,13463
2015-11-01,Massachusetts,15885
2015-11-01,Michigan,50278
2015-11-01,Minnesota,44023
2015-11-01,Mississippi,27504
2015-11-01,Missouri,55031
2015-11-01,Montana,10415
2015-11-01,Nebraska,8299
2015-11-01,Nevada,10632
2015-11-01,New Hampshire,12850
2015-11-01,New Jersey,8313
2015-11-01,New Mexico,12721
2015-11-01,New York,36421
2015-11-01,North Carolina,49217
2015-11-01,North Dakota,6288
2015-11-01,Ohio,81616
2015-11-01,Oklahoma,35457
2015-11-01,Oregon,25453
2015-11-01,Pennsylvania,103836
2015-11-01,Puerto Rico,1242
2015-11-01,Rhode Island,2101
2015-11-01,South Carolina,32064
2015-11-01,South Dakota,9727
2015-11-01,Tennessee,63670
2015-11-01,Texas,146982
2015-11-01,Utah,21772
2015-11-01,Vermont,3136
2015-11-01,Virgin Islands,109
2015-11-01,Virginia,48010
2015-11-01,Washington,43989
2015-11-01,West Virginia,25063
2015-11-01,Wisconsin,38541
2015-11-01,Wyoming,5017
2015-10-01,Alabama,61156
2015-10-01,Alaska,9941
2015-10-01,Arizona,26501
2015-10-01,Arkansas,23409
2015-10-01,California,163211
2015-10-01,Colorado,37785
2015-10-01,Connecticut,23918
2015-10-01,Delaware,4052
2015-10-01,District of Columbia,76
2015-10-01,Florida,94518
2015-10-01,Georgia,45420
2015-10-01,Guam,213
2015-10-01,Hawaii,1380
2015-10-01,Idaho,11986
2015-10-01,Illinois,95886
2015-10-01,Indiana,100220
2015-10-01,Iowa,10725
2015-10-01,Kansas,14469
2015-10-01,Kentucky,276162
2015-10-01,Louisiana,33300
2015-10-01,Maine,11245
2015-10-01,Mariana Islands,1
2015-10-01,Maryland,11832
2015-10-01,Massachusetts,13947
2015-10-01,Michigan,43822
2015-10-01,Minnesota,50060
2015-10-01,Mississippi,20862
2015-10-01,Missouri,49890
2015-10-01,Montana,12988
2015-10-01,Nebraska,6880
2015-10-01,Nevada,9456
2015-10-01,New Hampshire,11664
2015-10-01,New Jersey,7315
2015-10-01,New Mexico,12381
2015-10-01,New York,33282
2015-10-01,North Carolina,46020
2015-10-01,North Dakota,7547
2015-10-01,Ohio,62456
2015-10-01,Oklahoma,28582
2015-10-01,Oregon,25405
2015-10-01,Pennsylvania,82552
2015-10-01,Puerto Rico,1288
2015-10-01,Rhode Island,1944
2015-10-01,South Carolina,26030
2015-10-01,South Dakota,10920
2015-10-01,Tennessee,51134
2015-10-01,Texas,126327
2015-10-01,Utah,19046
2015-10-01,Vermont,3259
2015-10-01,Virgin Islands,100
2015-10-01,Virginia,38959
2015-10-01,Washington,45061
2015-10-01,West Virginia,21388
2015-10-01,Wisconsin,36111
2015-10-01,Wyoming,5166
2015-09-01,Alabama,56228
2015-09-01,Alaska,6195
2015-09-01,Arizona,25464
2015-09-01,Arkansas,21834
2015-09-01,California,125441
2015-09-01,Colorado,34229
2015-09-01,Connecticut,21775
2015-09-01,Delaware,3360
2015-09-01,District of Columbia,41
2015-09-01,Florida,85246
2015-09-01,Georgia,41685
2015-09-01,Guam,181
2015-09-01,Hawaii,1270
2015-09-01,Idaho,11078
2015-09-01,Illinois,94476
2015-09-01,Indiana,83928
2015-09-01,Iowa,9865
2015-09-01,Kansas,12731
2015-09-01,Kentucky,262693
2015-09-01,Louisiana,39053
2015-09-01,Maine,8648
2015-09-01,Mariana Islands,1
2015-09-01,Maryland,8912
2015-09-01,Massachusetts,12092
2015-09-01,Michigan,48331
2015-09-01,Minnesota,43688
2015-09-01,Mississippi,23398
2015-09-01,Missouri,40511
2015-09-01,Montana,11302
2015-09-01,Nebraska,5433
2015-09-01,Nevada,9821
2015-09-01,New Hampshire,10094
2015-09-01,New Jersey,6056
2015-09-01,New Mexico,11570
2015-09-01,New York,28204
2015-09-01,North Carolina,42348
2015-09-01,North Dakota,5619
2015-09-01,Ohio,53928
2015-09-01,Oklahoma,25154
2015-09-01,Oregon,21650
2015-09-01,Pennsylvania,70156
2015-09-01,Puerto Rico,1300
2015-09-01,Rhode Island,1566
2015-09-01,South Carolina,24395
2015-09-01,South Dakota,7949
2015-09-01,Tennessee,52313
2015-09-01,Texas,122503
2015-09-01,Utah,22343
2015-09-01,Vermont,2681
2015-09-01,Virgin Islands,134
2015-09-01,Virginia,34030
2015-09-01,Washington,40441
2015-09-01,West Virginia,17801
2015-09-01,Wisconsin,30630
2015-09-01,Wyoming,4968
2015-08-01,Alabama,62770
2015-08-01,Alaska,6976
2015-08-01,Arizona,25003
2015-08-01,Arkansas,21087
2015-08-01,California,125122
2015-08-01,Colorado,36156
2015-08-01,Connecticut,21514
2015-08-01,Delaware,3459
2015-08-01,District of Columbia,67
2015-08-01,Florida,87429
2015-08-01,Georgia,40519
2015-08-01,Guam,147
2015-08-01,Hawaii,1175
2015-08-01,Idaho,9792
2015-08-01,Illinois,94314
2015-08-01,Indiana,66212
2015-08-01,Iowa,8592
2015-08-01,Kansas,13366
2015-08-01,Kentucky,286463
2015-08-01,Louisiana,30880
2015-08-01,Maine,7283
2015-08-01,Mariana Islands,1
2015-08-01,Maryland,8606
2015-08-01,Massachusetts,12792
2015-08-01,Michigan,33600
2015-08-01,Minnesota,39036
2015-08-01,Mississippi,18376
2015-08-01,Missouri,40259
2015-08-01,Montana,10130
2015-08-01,Nebraska,5418
2015-08-01,Nevada,8818
2015-08-01,New Hampshire,10185
2015-08-01,New Jersey,6537
2015-08-01,New Mexico,11179
2015-08-01,New York,23978
2015-08-01,North Carolina,39565
2015-08-01,North Dakota,5148
2015-08-01,Ohio,51999
2015-08-01,Oklahoma,26376
2015-08-01,Oregon,19393
2015-08-01,Pennsylvania,69162
2015-08-01,Puerto Rico,1357
2015-08-01,Rhode Island,1477
2015-08-01,South Carolina,25047
2015-08-01,South Dakota,7369
2015-08-01,Tennessee,49128
2015-08-01,Texas,122233
2015-08-01,Utah,19717
2015-08-01,Vermont,2466
2015-08-01,Virgin Islands,100
2015-08-01,Virginia,32147
2015-08-01,Washington,36031
2015-08-01,West Virginia,16720
2015-08-01,Wisconsin,28396
2015-08-01,Wyoming,4839
2015-07-01,Alabama,56762
2015-07-01,Alaska,6029
2015-07-01,Arizona,23779
2015-07-01,Arkansas,17694
2015-07-01,California,140365
2015-07-01,Colorado,31280
2015-07-01,Connecticut,22195
2015-07-01,Delaware,3275
2015-07-01,District of Columbia,64
2015-07-01,Florida,83877
2015-07-01,Georgia,39608
2015-07-01,Guam,186
2015-07-01,Hawaii,1157
2015-07-01,Idaho,8675
2015-07-01,Illinois,95297
2015-07-01,Indiana,52154
2015-07-01,Iowa,8356
2015-07-01,Kansas,12248
2015-07-01,Kentucky,220018
2015-07-01,Louisiana,23822
2015-07-01,Maine,6549
2015-07-01,Mariana Islands,1
2015-07-01,Maryland,8595
2015-07-01,Massachusetts,11898
2015-07-01,Michigan,32153
2015-07-01,Minnesota,31732
2015-07-01,Mississippi,16575
2015-07-01,Missouri,37539
2015-07-01,Montana,8713
2015-07-01,Nebraska,4596
2015-07-01,Nevada,8829
2015-07-01,New Hampshire,9404
2015-07-01,New Jersey,6588
2015-07-01,New Mexico,10404
2015-07-01,New York,21821
2015-07-01,North Carolina,37651
2015-07-01,North Dakota,4593
2015-07-01,Ohio,49952
2015-07-01,Oklahoma,23594
2015-07-01,Oregon,18003
2015-07-01,Pennsylvania,65250
2015-07-01,Puerto Rico,1342
2015-07-01,Rhode Island,1461
2015-07-01,South Carolina,25017
2015-07-01,South Dakota,5914
2015-07-01,Tennessee,57873
2015-07-01,Texas,106013
2015-07-01,Utah,17259
2015-07-01,Vermont,2219
2015-07-01,Virgin Islands,159
2015-07-01,Virginia,32419
2015-07-01,Washington,34177
2015-07-01,West Virginia,15607
2015-07-01,Wisconsin,24350
2015-07-01,Wyoming,4371
2015-06-01,Alabama,45952
2015-06-01,Alaska,5830
2015-06-01,Arizona,22999
2015-06-01,Arkansas,15372
2015-06-01,California,112704
2015-06-01,Colorado,31777
2015-06-01,Connecticut,24605
2015-06-01,Delaware,3332
2015-06-01,District of Columbia,49
2015-06-01,Florida,79101
2015-06-01,Georgia,34674
2015-06-01,Guam,184
2015-06-01,Hawaii,1213
2015-06-01,Idaho,9373
2015-06-01,Illinois,80431
2015-06-01,Indiana,62755
2015-06-01,Iowa,7359
2015-06-01,Kansas,10463
2015-06-01,Kentucky,242027
2015-06-01,Louisiana,21042
2015-06-01,Maine,6151
2015-06-01,Mariana Islands,2
2015-06-01,Maryland,8826
2015-06-01,Massachusetts,11383
2015-06-01,Michigan,30723
2015-06-01,Minnesota,33553
2015-06-01,Mississippi,13111
2015-06-01,Missouri,37010
2015-06-01,Montana,8529
2015-06-01,Nebraska,4369
2015-06-01,Nevada,9186
2015-06-01,New Hampshire,9881
2015-06-01,New Jersey,7007
2015-06-01,New Mexico,9969
2015-06-01,New York,22717
2015-06-01,North Carolina,33889
2015-06-01,North Dakota,4481
2015-06-01,Ohio,49297
2015-06-01,Oklahoma,21793
2015-06-01,Oregon,17765
2015-06-01,Pennsylvania,64122
2015-06-01,Puerto Rico,1499
2015-06-01,Rhode Island,1512
2015-06-01,South Carolina,20763
2015-06-01,South Dakota,5645
2015-06-01,Tennessee,42558
2015-06-01,Texas,106461
2015-06-01,Utah,20684
2015-06-01,Vermont,2135
2015-06-01,Virgin Islands,104
2015-06-01,Virginia,27904
2015-06-01,Washington,32783
2015-06-01,West Virginia,14695
2015-06-01,Wisconsin,22715
2015-06-01,Wyoming,4388
2015-05-01,Alabama,45128
2015-05-01,Alaska,6168
2015-05-01,Arizona,24503
2015-05-01,Arkansas,16258
2015-05-01,California,119574
2015-05-01,Colorado,33062
2015-05-01,Connecticut,24571
2015-05-01,Delaware,3683
2015-05-01,District of Columbia,53
2015-05-01,Florida,77601
2015-05-01,Georgia,32956
2015-05-01,Guam,148
2015-05-01,Hawaii,1145
2015-05-01,Idaho,9975
2015-05-01,Illinois,76538
2015-05-01,Indiana,64608
2015-05-01,Iowa,7597
2015-05-01,Kansas,12249
2015-05-01,Kentucky,271614
2015-05-01,Louisiana,20941
2015-05-01,Maine,5860
2015-05-01,Mariana Islands,1
2015-05-01,Maryland,8105
2015-05-01,Massachusetts,11907
2015-05-01,Michigan,32961
2015-05-01,Minnesota,37779
2015-05-01,Mississippi,13803
2015-05-01,Missouri,37565
2015-05-01,Montana,9364
2015-05-01,Nebraska,4500
2015-05-01,Nevada,9959
2015-05-01,New Hampshire,10564
2015-05-01,New Jersey,6704
2015-05-01,New Mexico,11021
2015-05-01,New York,21977
2015-05-01,North Carolina,32357
2015-05-01,North Dakota,4683
2015-05-01,Ohio,49428
2015-05-01,Oklahoma,23210
2015-05-01,Oregon,19292
2015-05-01,Pennsylvania,62676
2015-05-01,Puerto Rico,1477
2015-05-01,Rhode Island,1543
2015-05-01,South Carolina,20254
2015-05-01,South Dakota,6436
2015-05-01,Tennessee,40597
2015-05-01,Texas,111012
2015-05-01,Utah,18544
2015-05-01,Vermont,2172
2015-05-01,Virgin Islands,118
2015-05-01,Virginia,28447
2015-05-01,Washington,33943
2015-05-01,West Virginia,15288
2015-05-01,Wisconsin,24362
2015-05-01,Wyoming,4612
2015-04-01,Alabama,46971
2015-04-01,Alaska,7030
2015-04-01,Arizona,24762
2015-04-01,Arkansas,17135
2015-04-01,California,114686
2015-04-01,Colorado,34688
2015-04-01,Connecticut,26677
2015-04-01,Delaware,3665
2015-04-01,District of Columbia,51
2015-04-01,Florida,81456
2015-04-01,Georgia,35901
2015-04-01,Guam,146
2015-04-01,Hawaii,1329
2015-04-01,Idaho,10686
2015-04-01,Illinois,118541
2015-04-01,Indiana,67791
2015-04-01,Iowa,11113
2015-04-01,Kansas,14044
2015-04-01,Kentucky,253890
2015-04-01,Louisiana,21000
2015-04-01,Maine,6608
2015-04-01,Mariana Islands,2
2015-04-01,Maryland,10464
2015-04-01,Massachusetts,14211
2015-04-01,Michigan,36840
2015-04-01,Minnesota,44682
2015-04-01,Mississippi,14292
2015-04-01,Missouri,42187
2015-04-01,Montana,9473
2015-04-01,Nebraska,5325
2015-04-01,Nevada,9830
2015-04-01,New Hampshire,10849
2015-04-01,New Jersey,7594
2015-04-01,New Mexico,11299
2015-04-01,New York,26818
2015-04-01,North Carolina,37520
2015-04-01,North Dakota,5225
2015-04-01,Ohio,59965
2015-04-01,Oklahoma,26152
2015-04-01,Oregon,20563
2015-04-01,Pennsylvania,74820
2015-04-01,Puerto Rico,1168
2015-04-01,Rhode Island,1710
2015-04-01,South Carolina,22801
2015-04-01,South Dakota,6951
2015-04-01,Tennessee,44972
2015-04-01,Texas,106032
2015-04-01,Utah,20361
2015-04-01,Vermont,3081
2015-04-01,Virgin Islands,115
2015-04-01,Virginia,31657
2015-04-01,Washington,38008
2015-04-01,West Virginia,18739
2015-04-01,Wisconsin,31164
2015-04-01,Wyoming,4697
2015-03-01,Alabama,57152
2015-03-01,Alaska,7223
2015-03-01,Arizona,28402
2015-03-01,Arkansas,20397
2015-03-01,California,199833
2015-03-01,Colorado,37740
2015-03-01,Connecticut,30302
2015-03-01,Delaware,4610
2015-03-01,District of Columbia,68
2015-03-01,Florida,93683
2015-03-01,Georgia,48200
2015-03-01,Guam,161
2015-03-01,Hawaii,1344
2015-03-01,Idaho,12234
2015-03-01,Illinois,96770
2015-03-01,Indiana,83305
2015-03-01,Iowa,14948
2015-03-01,Kansas,16337
2015-03-01,Kentucky,281518
2015-03-01,Louisiana,26788
2015-03-01,Maine,7438
2015-03-01,Mariana Islands,2
2015-03-01,Maryland,10656
2015-03-01,Massachusetts,16296
2015-03-01,Michigan,43233
2015-03-01,Minnesota,51987
2015-03-01,Mississippi,18635
2015-03-01,Missouri,52566
2015-03-01,Montana,10863
2015-03-01,Nebraska,6796
2015-03-01,Nevada,11192
2015-03-01,New Hampshire,11780
2015-03-01,New Jersey,8529
2015-03-01,New Mexico,13587
2015-03-01,New York,29889
2015-03-01,North Carolina,45196
2015-03-01,North Dakota,6517
2015-03-01,Ohio,62389
2015-03-01,Oklahoma,29926
2015-03-01,Oregon,23895
2015-03-01,Pennsylvania,92329
2015-03-01,Puerto Rico,1377
2015-03-01,Rhode Island,1953
2015-03-01,South Carolina,26546
2015-03-01,South Dakota,8923
2015-03-01,Tennessee,40064
2015-03-01,Texas,129368
2015-03-01,Utah,23422
2015-03-01,Vermont,3115
2015-03-01,Virgin Islands,96
2015-03-01,Virginia,39427
2015-03-01,Washington,43542
2015-03-01,West Virginia,25804
2015-03-01,Wisconsin,37433
2015-03-01,Wyoming,5459
2015-02-01,Alabama,62220
2015-02-01,Alaska,6731
2015-02-01,Arizona,30563
2015-02-01,Arkansas,24042
2015-02-01,California,113789
2015-02-01,Colorado,37520
2015-02-01,Connecticut,24291
2015-02-01,Delaware,4137
2015-02-01,District of Columbia,53
2015-02-01,Florida,103809
2015-02-01,Georgia,57432
2015-02-01,Guam,147
2015-02-01,Hawaii,1193
2015-02-01,Idaho,12820
2015-02-01,Illinois,86317
2015-02-01,Indiana,84043
2015-02-01,Iowa,16457
2015-02-01,Kansas,18262
2015-02-01,Kentucky,198493
2015-02-01,Louisiana,33759
2015-02-01,Maine,6166
2015-02-01,Mariana Islands,5
2015-02-01,Maryland,9092
2015-02-01,Massachusetts,11039
2015-02-01,Michigan,38502
2015-02-01,Minnesota,40699
2015-02-01,Mississippi,23970
2015-02-01,Missouri,55680
2015-02-01,Montana,11027
2015-02-01,Nebraska,6715
2015-02-01,Nevada,11626
2015-02-01,New Hampshire,9085
2015-02-01,New Jersey,7229
2015-02-01,New Mexico,13832
2015-02-01,New York,25920
2015-02-01,North Carolina,48473
2015-02-01,North Dakota,5512
2015-02-01,Ohio,59899
2015-02-01,Oklahoma,34307
2015-02-01,Oregon,24213
2015-02-01,Pennsylvania,81379
2015-02-01,Puerto Rico,1282
2015-02-01,Rhode Island,1777
2015-02-01,South Carolina,31543
2015-02-01,South Dakota,9065
2015-02-01,Tennessee,53761
2015-02-01,Texas,140229
2015-02-01,Utah,20627
2015-02-01,Vermont,3220
2015-02-01,Virgin Islands,113
2015-02-01,Virginia,40786
2015-02-01,Washington,43129
2015-02-01,West Virginia,24248
2015-02-01,Wisconsin,32541
2015-02-01,Wyoming,5539
2015-01-01,Alabama,51119
2015-01-01,Alaska,5348
2015-01-01,Arizona,24620
2015-01-01,Arkansas,18184
2015-01-01,California,113292
2015-01-01,Colorado,33007
2015-01-01,Connecticut,24791
2015-01-01,Delaware,4133
2015-01-01,District of Columbia,61
2015-01-01,Florida,87895
2015-01-01,Georgia,43248
2015-01-01,Guam,164
2015-01-01,Hawaii,1188
2015-01-01,Idaho,9858
2015-01-01,Illinois,96712
2015-01-01,Indiana,67533
2015-01-01,Iowa,12562
2015-01-01,Kansas,15166
2015-01-01,Kentucky,320778
2015-01-01,Louisiana,24516
2015-01-01,Maine,5423
2015-01-01,Mariana Islands,1
2015-01-01,Maryland,9311
2015-01-01,Massachusetts,13112
2015-01-01,Michigan,33596
2015-01-01,Minnesota,37824
2015-01-01,Mississippi,17119
2015-01-01,Missouri,47271
2015-01-01,Montana,8234
2015-01-01,Nebraska,6241
2015-01-01,Nevada,9482
2015-01-01,New Hampshire,9834
2015-01-01,New Jersey,7144
2015-01-01,New Mexico,10614
2015-01-01,New York,26506
2015-01-01,North Carolina,43199
2015-01-01,North Dakota,5512
2015-01-01,Ohio,47676
2015-01-01,Oklahoma,28606
2015-01-01,Oregon,19429
2015-01-01,Pennsylvania,73321
2015-01-01,Puerto Rico,1225
2015-01-01,Rhode Island,1722
2015-01-01,South Carolina,23923
2015-01-01,South Dakota,6709
2015-01-01,Tennessee,57536
2015-01-01,Texas,115315
2015-01-01,Utah,19394
2015-01-01,Vermont,2373
2015-01-01,Virgin Islands,79
2015-01-01,Virginia,36685
2015-01-01,Washington,38018
2015-01-01,West Virginia,17624
2015-01-01,Wisconsin,24587
2015-01-01,Wyoming,4413
2014-12-01,Alabama,75874
2014-12-01,Alaska,9442
2014-12-01,Arizona,33062
2014-12-01,Arkansas,29453
2014-12-01,California,164170
2014-12-01,Colorado,47309
2014-12-01,Connecticut,27883
2014-12-01,Delaware,5847
2014-12-01,District of Columbia,53
2014-12-01,Florida,107882
2014-12-01,Georgia,60222
2014-12-01,Guam,203
2014-12-01,Hawaii,1389
2014-12-01,Idaho,14948
2014-12-01,Illinois,147220
2014-12-01,Indiana,74495
2014-12-01,Iowa,14335
2014-12-01,Kansas,22119
2014-12-01,Kentucky,295697
2014-12-01,Louisiana,44644
2014-12-01,Maine,8990
2014-12-01,Mariana Islands,0
2014-12-01,Maryland,12462
2014-12-01,Massachusetts,14332
2014-12-01,Michigan,42291
2014-12-01,Minnesota,43152
2014-12-01,Mississippi,32564
2014-12-01,Missouri,64574
2014-12-01,Montana,13177
2014-12-01,Nebraska,8917
2014-12-01,Nevada,12590
2014-12-01,New Hampshire,12247
2014-12-01,New Jersey,8712
2014-12-01,New Mexico,15881
2014-12-01,New York,34849
2014-12-01,North Carolina,56571
2014-12-01,North Dakota,6795
2014-12-01,Ohio,71731
2014-12-01,Oklahoma,45311
2014-12-01,Oregon,28411
2014-12-01,Pennsylvania,95384
2014-12-01,Puerto Rico,1417
2014-12-01,Rhode Island,1988
2014-12-01,South Carolina,34846
2014-12-01,South Dakota,9645
2014-12-01,Tennessee,72934
2014-12-01,Texas,180658
2014-12-01,Utah,26111
2014-12-01,Vermont,3152
2014-12-01,Virgin Islands,94
2014-12-01,Virginia,49939
2014-12-01,Washington,49826
2014-12-01,West Virginia,26935
2014-12-01,Wisconsin,31622
2014-12-01,Wyoming,7031
2014-11-01,Alabama,56324
2014-11-01,Alaska,7851
2014-11-01,Arizona,26203
2014-11-01,Arkansas,25577
2014-11-01,California,132469
2014-11-01,Colorado,36523
2014-11-01,Connecticut,23451
2014-11-01,Delaware,4764
2014-11-01,District of Columbia,45
2014-11-01,Florida,87931
2014-11-01,Georgia,44325
2014-11-01,Guam,160
2014-11-01,Hawaii,1078
2014-11-01,Idaho,10932
2014-11-01,Illinois,104606
2014-11-01,Indiana,136175
2014-11-01,Iowa,10906
2014-11-01,Kansas,18147
2014-11-01,Kentucky,84113
2014-11-01,Louisiana,33557
2014-11-01,Maine,7347
2014-11-01,Mariana Islands,2
2014-11-01,Maryland,12483
2014-11-01,Massachusetts,13258
2014-11-01,Michigan,39561
2014-11-01,Minnesota,38258
2014-11-01,Mississippi,24074
2014-11-01,Missouri,60330
2014-11-01,Montana,10052
2014-11-01,Nebraska,7072
2014-11-01,Nevada,8950
2014-11-01,New Hampshire,10215
2014-11-01,New Jersey,7612
2014-11-01,New Mexico,12308
2014-11-01,New York,33260
2014-11-01,North Carolina,45758
2014-11-01,North Dakota,6217
2014-11-01,Ohio,64249
2014-11-01,Oklahoma,37671
2014-11-01,Oregon,22003
2014-11-01,Pennsylvania,87572
2014-11-01,Puerto Rico,1369
2014-11-01,Rhode Island,1822
2014-11-01,South Carolina,26987
2014-11-01,South Dakota,8620
2014-11-01,Tennessee,55288
2014-11-01,Texas,138837
2014-11-01,Utah,19211
2014-11-01,Vermont,2833
2014-11-01,Virgin Islands,94
2014-11-01,Virginia,43955
2014-11-01,Washington,44282
2014-11-01,West Virginia,24050
2014-11-01,Wisconsin,31027
2014-11-01,Wyoming,5399
2014-10-01,Alabama,50068
2014-10-01,Alaska,9803
2014-10-01,Arizona,25181
2014-10-01,Arkansas,23097
2014-10-01,California,128439
2014-10-01,Colorado,35546
2014-10-01,Connecticut,24547
2014-10-01,Delaware,3802
2014-10-01,District of Columbia,52
2014-10-01,Florida,83962
2014-10-01,Georgia,43186
2014-10-01,Guam,172
2014-10-01,Hawaii,1330
2014-10-01,Idaho,11973
2014-10-01,Illinois,103053
2014-10-01,Indiana,80707
2014-10-01,Iowa,10795
2014-10-01,Kansas,14601
2014-10-01,Kentucky,31756
2014-10-01,Louisiana,29220
2014-10-01,Maine,10133
2014-10-01,Mariana Islands,2
2014-10-01,Maryland,10073
2014-10-01,Massachusetts,14369
2014-10-01,Michigan,40169
2014-10-01,Minnesota,45025
2014-10-01,Mississippi,19086
2014-10-01,Missouri,50021
2014-10-01,Montana,12833
2014-10-01,Nebraska,6735
2014-10-01,Nevada,8873
2014-10-01,New Hampshire,11633
2014-10-01,New Jersey,7435
2014-10-01,New Mexico,12641
2014-10-01,New York,34659
2014-10-01,North Carolina,43204
2014-10-01,North Dakota,7836
2014-10-01,Ohio,53277
2014-10-01,Oklahoma,30881
2014-10-01,Oregon,20667
2014-10-01,Pennsylvania,83119
2014-10-01,Puerto Rico,1402
2014-10-01,Rhode Island,1889
2014-10-01,South Carolina,24311
2014-10-01,South Dakota,9445
2014-10-01,Tennessee,44933
2014-10-01,Texas,122547
2014-10-01,Utah,16476
2014-10-01,Vermont,3101
2014-10-01,Virgin Islands,127
2014-10-01,Virginia,36419
2014-10-01,Washington,41682
2014-10-01,West Virginia,20922
2014-10-01,Wisconsin,33262
2014-10-01,Wyoming,5421
2014-09-01,Alabama,45081
2014-09-01,Alaska,6625
2014-09-01,Arizona,23538
2014-09-01,Arkansas,17053
2014-09-01,California,118856
2014-09-01,Colorado,30504
2014-09-01,Connecticut,22160
2014-09-01,Delaware,3289
2014-09-01,District of Columbia,48
2014-09-01,Florida,77573
2014-09-01,Georgia,35423
2014-09-01,Guam,181
2014-09-01,Hawaii,1153
2014-09-01,Idaho,11211
2014-09-01,Illinois,117143
2014-09-01,Indiana,34547
2014-09-01,Iowa,8494
2014-09-01,Kansas,12558
2014-09-01,Kentucky,80383
2014-09-01,Louisiana,31703
2014-09-01,Maine,7667
2014-09-01,Mariana Islands,2
2014-09-01,Maryland,8480
2014-09-01,Massachusetts,12394
2014-09-01,Michigan,37179
2014-09-01,Minnesota,41988
2014-09-01,Mississippi,20332
2014-09-01,Missouri,39077
2014-09-01,Montana,10880
2014-09-01,Nebraska,5577
2014-09-01,Nevada,8630
2014-09-01,New Hampshire,9668
2014-09-01,New Jersey,6470
2014-09-01,New Mexico,10973
2014-09-01,New York,28575
2014-09-01,North Carolina,35405
2014-09-01,North Dakota,5914
2014-09-01,Ohio,42944
2014-09-01,Oklahoma,25886
2014-09-01,Oregon,19544
2014-09-01,Pennsylvania,71450
2014-09-01,Puerto Rico,1316
2014-09-01,Rhode Island,1570
2014-09-01,South Carolina,20378
2014-09-01,South Dakota,7166
2014-09-01,Tennessee,38227
2014-09-01,Texas,114900
2014-09-01,Utah,17531
2014-09-01,Vermont,2743
2014-09-01,Virgin Islands,112
2014-09-01,Virginia,31726
2014-09-01,Washington,35256
2014-09-01,West Virginia,16952
2014-09-01,Wisconsin,27754
2014-09-01,Wyoming,5296
2014-08-01,Alabama,45465
2014-08-01,Alaska,7816
2014-08-01,Arizona,26519
2014-08-01,Arkansas,15895
2014-08-01,California,119570
2014-08-01,Colorado,32230
2014-08-01,Connecticut,16479
2014-08-01,Delaware,3415
2014-08-01,District of Columbia,47
2014-08-01,Florida,75868
2014-08-01,Georgia,35344
2014-08-01,Guam,162
2014-08-01,Hawaii,1130
2014-08-01,Idaho,10295
2014-08-01,Illinois,91721
2014-08-01,Indiana,37077
2014-08-01,Iowa,7923
2014-08-01,Kansas,11796
2014-08-01,Kentucky,232853
2014-08-01,Louisiana,24409
2014-08-01,Maine,6313
2014-08-01,Mariana Islands,0
2014-08-01,Maryland,8265
2014-08-01,Massachusetts,13949
2014-08-01,Michigan,32189
2014-08-01,Minnesota,37674
2014-08-01,Mississippi,15732
2014-08-01,Missouri,40886
2014-08-01,Montana,9986
2014-08-01,Nebraska,4763
2014-08-01,Nevada,8780
2014-08-01,New Hampshire,9688
2014-08-01,New Jersey,6828
2014-08-01,New Mexico,10816
2014-08-01,New York,27139
2014-08-01,North Carolina,35184
2014-08-01,North Dakota,5239
2014-08-01,Ohio,42044
2014-08-01,Oklahoma,25875
2014-08-01,Oregon,16665
2014-08-01,Pennsylvania,67743
2014-08-01,Puerto Rico,1391
2014-08-01,Rhode Island,1617
2014-08-01,South Carolina,22184
2014-08-01,South Dakota,6261
2014-08-01,Tennessee,39800
2014-08-01,Texas,115497
2014-08-01,Utah,19335
2014-08-01,Vermont,2280
2014-08-01,Virgin Islands,132
2014-08-01,Virginia,30501
2014-08-01,Washington,32674
2014-08-01,West Virginia,15799
2014-08-01,Wisconsin,24467
2014-08-01,Wyoming,4637
2014-07-01,Alabama,43600
2014-07-01,Alaska,6035
2014-07-01,Arizona,21193
2014-07-01,Arkansas,13484
2014-07-01,California,104309
2014-07-01,Colorado,29247
2014-07-01,Connecticut,12620
2014-07-01,Delaware,2960
2014-07-01,District of Columbia,49
2014-07-01,Florida,70230
2014-07-01,Georgia,32987
2014-07-01,Guam,126
2014-07-01,Hawaii,1291
2014-07-01,Idaho,8251
2014-07-01,Illinois,86596
2014-07-01,Indiana,31816
2014-07-01,Iowa,7575
2014-07-01,Kansas,10381
2014-07-01,Kentucky,248979
2014-07-01,Louisiana,17996
2014-07-01,Maine,4923
2014-07-01,Mariana Islands,2
2014-07-01,Maryland,6878
2014-07-01,Massachusetts,12638
2014-07-01,Michigan,29119
2014-07-01,Minnesota,33483
2014-07-01,Mississippi,11995
2014-07-01,Missouri,30494
2014-07-01,Montana,7798
2014-07-01,Nebraska,3704
2014-07-01,Nevada,8108
2014-07-01,New Hampshire,8374
2014-07-01,New Jersey,6792
2014-07-01,New Mexico,9168
2014-07-01,New York,27126
2014-07-01,North Carolina,31117
2014-07-01,North Dakota,4382
2014-07-01,Ohio,37889
2014-07-01,Oklahoma,21917
2014-07-01,Oregon,14896
2014-07-01,Pennsylvania,59582
2014-07-01,Puerto Rico,1219
2014-07-01,Rhode Island,1374
2014-07-01,South Carolina,19093
2014-07-01,South Dakota,4984
2014-07-01,Tennessee,34494
2014-07-01,Texas,94876
2014-07-01,Utah,19385
2014-07-01,Vermont,1868
2014-07-01,Virgin Islands,63
2014-07-01,Virginia,28031
2014-07-01,Washington,31164
2014-07-01,West Virginia,13298
2014-07-01,Wisconsin,19541
2014-07-01,Wyoming,4205
2014-06-01,Alabama,41709
2014-06-01,Alaska,6005
2014-06-01,Arizona,22049
2014-06-01,Arkansas,14177
2014-06-01,California,102639
2014-06-01,Colorado,26802
2014-06-01,Connecticut,13270
2014-06-01,Delaware,2928
2014-06-01,District of Columbia,23
2014-06-01,Florida,70597
2014-06-01,Georgia,30386
2014-06-01,Guam,145
2014-06-01,Hawaii,1210
2014-06-01,Idaho,9745
2014-06-01,Illinois,112407
2014-06-01,Indiana,30807
2014-06-01,Iowa,8569
2014-06-01,Kansas,10053
2014-06-01,Kentucky,214382
2014-06-01,Louisiana,18906
2014-06-01,Maine,4783
2014-06-01,Mariana Islands,1
2014-06-01,Maryland,7320
2014-06-01,Massachusetts,13474
2014-06-01,Michigan,28148
2014-06-01,Minnesota,35400
2014-06-01,Mississippi,11455
2014-06-01,Missouri,30079
2014-06-01,Montana,8454
2014-06-01,Nebraska,3550
2014-06-01,Nevada,9000
2014-06-01,New Hampshire,8534
2014-06-01,New Jersey,6649
2014-06-01,New Mexico,9546
2014-06-01,New York,23810
2014-06-01,North Carolina,32577
2014-06-01,North Dakota,4224
2014-06-01,Ohio,35267
2014-06-01,Oklahoma,21797
2014-06-01,Oregon,16461
2014-06-01,Pennsylvania,56296
2014-06-01,Puerto Rico,1188
2014-06-01,Rhode Island,1251
2014-06-01,South Carolina,19781
2014-06-01,South Dakota,4781
2014-06-01,Tennessee,32665
2014-06-01,Texas,91133
2014-06-01,Utah,23271
2014-06-01,Vermont,1736
2014-06-01,Virgin Islands,105
2014-06-01,Virginia,26351
2014-06-01,Washington,32647
2014-06-01,West Virginia,12646
2014-06-01,Wisconsin,19302
2014-06-01,Wyoming,4644
2014-05-01,Alabama,43111
2014-05-01,Alaska,7166
2014-05-01,Arizona,24566
2014-05-01,Arkansas,17070
2014-05-01,California,120661
2014-05-01,Colorado,31697
2014-05-01,Connecticut,14437
2014-05-01,Delaware,3896
2014-05-01,District of Columbia,31
2014-05-01,Florida,78127
2014-05-01,Georgia,33247
2014-05-01,Guam,166
2014-05-01,Hawaii,1155
2014-05-01,Idaho,9289
2014-05-01,Illinois,92638
2014-05-01,Indiana,36151
2014-05-01,Iowa,8165
2014-05-01,Kansas,10895
2014-05-01,Kentucky,230610
2014-05-01,Louisiana,19085
2014-05-01,Maine,5674
2014-05-01,Mariana Islands,0
2014-05-01,Maryland,7913
2014-05-01,Massachusetts,14087
2014-05-01,Michigan,31109
2014-05-01,Minnesota,34462
2014-05-01,Mississippi,12506
2014-05-01,Missouri,31691
2014-05-01,Montana,8930
2014-05-01,Nebraska,4074
2014-05-01,Nevada,8950
2014-05-01,New Hampshire,10119
2014-05-01,New Jersey,7908
2014-05-01,New Mexico,10235
2014-05-01,New York,25889
2014-05-01,North Carolina,34589
2014-05-01,North Dakota,5216
2014-05-01,Ohio,40586
2014-05-01,Oklahoma,22251
2014-05-01,Oregon,17875
2014-05-01,Pennsylvania,63261
2014-05-01,Puerto Rico,1378
2014-05-01,Rhode Island,1471
2014-05-01,South Carolina,21331
2014-05-01,South Dakota,5167
2014-05-01,Tennessee,33567
2014-05-01,Texas,97814
2014-05-01,Utah,26525
2014-05-01,Vermont,2100
2014-05-01,Virgin Islands,94
2014-05-01,Virginia,27385
2014-05-01,Washington,37636
2014-05-01,West Virginia,14682
2014-05-01,Wisconsin,22493
2014-05-01,Wyoming,5187
2014-04-01,Alabama,46332
2014-04-01,Alaska,8305
2014-04-01,Arizona,25939
2014-04-01,Arkansas,16546
2014-04-01,California,134448
2014-04-01,Colorado,34615
2014-04-01,Connecticut,20715
2014-04-01,Delaware,2822
2014-04-01,District of Columbia,36
2014-04-01,Florida,94323
2014-04-01,Georgia,36533
2014-04-01,Guam,209
2014-04-01,Hawaii,1597
2014-04-01,Idaho,10422
2014-04-01,Illinois,105924
2014-04-01,Indiana,42399
2014-04-01,Iowa,10404
2014-04-01,Kansas,13161
2014-04-01,Kentucky,274155
2014-04-01,Louisiana,19656
2014-04-01,Maine,6890
2014-04-01,Mariana Islands,2
2014-04-01,Maryland,10548
2014-04-01,Massachusetts,16097
2014-04-01,Michigan,36618
2014-04-01,Minnesota,46067
2014-04-01,Mississippi,13044
2014-04-01,Missouri,38283
2014-04-01,Montana,10056
2014-04-01,Nebraska,5240
2014-04-01,Nevada,9819
2014-04-01,New Hampshire,11592
2014-04-01,New Jersey,8472
2014-04-01,New Mexico,10620
2014-04-01,New York,43433
2014-04-01,North Carolina,59495
2014-04-01,North Dakota,6330
2014-04-01,Ohio,48767
2014-04-01,Oklahoma,26310
2014-04-01,Oregon,19475
2014-04-01,Pennsylvania,74553
2014-04-01,Puerto Rico,1221
2014-04-01,Rhode Island,1667
2014-04-01,South Carolina,21621
2014-04-01,South Dakota,6054
2014-04-01,Tennessee,36861
2014-04-01,Texas,101103
2014-04-01,Utah,29587
2014-04-01,Vermont,3114
2014-04-01,Virgin Islands,103
2014-04-01,Virginia,31037
2014-04-01,Washington,46446
2014-04-01,West Virginia,16702
2014-04-01,Wisconsin,32375
2014-04-01,Wyoming,5508
2014-03-01,Alabama,57656
2014-03-01,Alaska,7271
2014-03-01,Arizona,28307
2014-03-01,Arkansas,20173
2014-03-01,California,137660
2014-03-01,Colorado,38547
2014-03-01,Connecticut,36553
2014-03-01,Delaware,3534
2014-03-01,District of Columbia,48
2014-03-01,Florida,104835
2014-03-01,Georgia,45841
2014-03-01,Guam,205
2014-03-01,Hawaii,1333
2014-03-01,Idaho,14322
2014-03-01,Illinois,145597
2014-03-01,Indiana,52880
2014-03-01,Iowa,13686
2014-03-01,Kansas,16410
2014-03-01,Kentucky,280948
2014-03-01,Louisiana,25477
2014-03-01,Maine,7591
2014-03-01,Mariana Islands,0
2014-03-01,Maryland,17071
2014-03-01,Massachusetts,20176
2014-03-01,Michigan,42636
2014-03-01,Minnesota,50582
2014-03-01,Mississippi,17334
2014-03-01,Missouri,46051
2014-03-01,Montana,11045
2014-03-01,Nebraska,6437
2014-03-01,Nevada,11769
2014-03-01,New Hampshire,12519
2014-03-01,New Jersey,9726
2014-03-01,New Mexico,13550
2014-03-01,New York,33819
2014-03-01,North Carolina,541978
2014-03-01,North Dakota,6329
2014-03-01,Ohio,59244
2014-03-01,Oklahoma,30087
2014-03-01,Oregon,24346
2014-03-01,Pennsylvania,93402
2014-03-01,Puerto Rico,1431
2014-03-01,Rhode Island,2208
2014-03-01,South Carolina,28436
2014-03-01,South Dakota,7538
2014-03-01,Tennessee,43344
2014-03-01,Texas,130310
2014-03-01,Utah,22924
2014-03-01,Vermont,3305
2014-03-01,Virgin Islands,108
2014-03-01,Virginia,40700
2014-03-01,Washington,45491
2014-03-01,West Virginia,20942
2014-03-01,Wisconsin,37199
2014-03-01,Wyoming,5699
2014-02-01,Alabama,63947
2014-02-01,Alaska,6353
2014-02-01,Arizona,29657
2014-02-01,Arkansas,24599
2014-02-01,California,111341
2014-02-01,Colorado,36936
2014-02-01,Connecticut,29640
2014-02-01,Delaware,3207
2014-02-01,District of Columbia,28
2014-02-01,Florida,100876
2014-02-01,Georgia,50459
2014-02-01,Guam,158
2014-02-01,Hawaii,1222
2014-02-01,Idaho,11822
2014-02-01,Illinois,115903
2014-02-01,Indiana,51976
2014-02-01,Iowa,13167
2014-02-01,Kansas,17798
2014-02-01,Kentucky,259837
2014-02-01,Louisiana,28120
2014-02-01,Maine,7101
2014-02-01,Mariana Islands,1
2014-02-01,Maryland,18999
2014-02-01,Massachusetts,16662
2014-02-01,Michigan,35449
2014-02-01,Minnesota,40503
2014-02-01,Mississippi,21805
2014-02-01,Missouri,48674
2014-02-01,Montana,10352
2014-02-01,Nebraska,6384
2014-02-01,Nevada,11879
2014-02-01,New Hampshire,10204
2014-02-01,New Jersey,7762
2014-02-01,New Mexico,13859
2014-02-01,New York,27317
2014-02-01,North Carolina,224667
2014-02-01,North Dakota,6472
2014-02-01,Ohio,59527
2014-02-01,Oklahoma,33901
2014-02-01,Oregon,23197
2014-02-01,Pennsylvania,76916
2014-02-01,Puerto Rico,1386
2014-02-01,Rhode Island,1897
2014-02-01,South Carolina,28440
2014-02-01,South Dakota,7897
2014-02-01,Tennessee,55684
2014-02-01,Texas,147793
2014-02-01,Utah,21548
2014-02-01,Vermont,3132
2014-02-01,Virgin Islands,108
2014-02-01,Virginia,42073
2014-02-01,Washington,44399
2014-02-01,West Virginia,23569
2014-02-01,Wisconsin,31698
2014-02-01,Wyoming,5677
2014-01-01,Alabama,52138
2014-01-01,Alaska,4951
2014-01-01,Arizona,24458
2014-01-01,Arkansas,17158
2014-01-01,California,100054
2014-01-01,Colorado,33328
2014-01-01,Connecticut,28542
2014-01-01,Delaware,2486
2014-01-01,District of Columbia,52
2014-01-01,Florida,82342
2014-01-01,Georgia,36627
2014-01-01,Guam,173
2014-01-01,Hawaii,1337
2014-01-01,Idaho,8532
2014-01-01,Illinois,121288
2014-01-01,Indiana,38520
2014-01-01,Iowa,13003
2014-01-01,Kansas,14248
2014-01-01,Kentucky,258471
2014-01-01,Louisiana,22584
2014-01-01,Maine,5673
2014-01-01,Mariana Islands,0
2014-01-01,Maryland,21715
2014-01-01,Massachusetts,17908
2014-01-01,Michigan,29623
2014-01-01,Minnesota,34528
2014-01-01,Mississippi,14902
2014-01-01,Missouri,36903
2014-01-01,Montana,8273
2014-01-01,Nebraska,6115
2014-01-01,Nevada,9387
2014-01-01,New Hampshire,9884
2014-01-01,New Jersey,7954
2014-01-01,New Mexico,10183
2014-01-01,New York,25551
2014-01-01,North Carolina,41804
2014-01-01,North Dakota,5594
2014-01-01,Ohio,40864
2014-01-01,Oklahoma,26608
2014-01-01,Oregon,19504
2014-01-01,Pennsylvania,69963
2014-01-01,Puerto Rico,1400
2014-01-01,Rhode Island,1646
2014-01-01,South Carolina,22356
2014-01-01,South Dakota,6101
2014-01-01,Tennessee,45597
2014-01-01,Texas,130524
2014-01-01,Utah,21908
2014-01-01,Vermont,2138
2014-01-01,Virgin Islands,131
2014-01-01,Virginia,31647
2014-01-01,Washington,40612
2014-01-01,West Virginia,15350
2014-01-01,Wisconsin,23568
2014-01-01,Wyoming,4359
2013-12-01,Alabama,77374
2013-12-01,Alaska,7951
2013-12-01,Arizona,32374
2013-12-01,Arkansas,25583
2013-12-01,California,138522
2013-12-01,Colorado,43268
2013-12-01,Connecticut,21633
2013-12-01,Delaware,3752
2013-12-01,District of Columbia,35
2013-12-01,Florida,102760
2013-12-01,Georgia,55863
2013-12-01,Guam,141
2013-12-01,Hawaii,1401
2013-12-01,Idaho,13971
2013-12-01,Illinois,91077
2013-12-01,Indiana,53359
2013-12-01,Iowa,12638
2013-12-01,Kansas,21426
2013-12-01,Kentucky,231210
2013-12-01,Louisiana,42824
2013-12-01,Maine,7812
2013-12-01,Mariana Islands,2
2013-12-01,Maryland,21256
2013-12-01,Massachusetts,16407
2013-12-01,Michigan,37647
2013-12-01,Minnesota,38679
2013-12-01,Mississippi,29367
2013-12-01,Missouri,51223
2013-12-01,Montana,11763
2013-12-01,Nebraska,8665
2013-12-01,Nevada,12897
2013-12-01,New Hampshire,10993
2013-12-01,New Jersey,9118
2013-12-01,New Mexico,14896
2013-12-01,New York,32657
2013-12-01,North Carolina,59061
2013-12-01,North Dakota,6949
2013-12-01,Ohio,67301
2013-12-01,Oklahoma,39176
2013-12-01,Oregon,26573
2013-12-01,Pennsylvania,87441
2013-12-01,Puerto Rico,1305
2013-12-01,Rhode Island,1969
2013-12-01,South Carolina,31309
2013-12-01,South Dakota,9118
2013-12-01,Tennessee,64784
2013-12-01,Texas,166074
2013-12-01,Utah,24978
2013-12-01,Vermont,2873
2013-12-01,Virgin Islands,94
2013-12-01,Virginia,51344
2013-12-01,Washington,46998
2013-12-01,West Virginia,26265
2013-12-01,Wisconsin,31714
2013-12-01,Wyoming,6885
2013-11-01,Alabama,59213
2013-11-01,Alaska,6868
2013-11-01,Arizona,26839
2013-11-01,Arkansas,24393
2013-11-01,California,109140
2013-11-01,Colorado,37908
2013-11-01,Connecticut,22530
2013-11-01,Delaware,3354
2013-11-01,District of Columbia,35
2013-11-01,Florida,86342
2013-11-01,Georgia,43059
2013-11-01,Guam,103
2013-11-01,Hawaii,1103
2013-11-01,Idaho,10703
2013-11-01,Illinois,90868
2013-11-01,Indiana,51526
2013-11-01,Iowa,12076
2013-11-01,Kansas,18670
2013-11-01,Kentucky,208696
2013-11-01,Louisiana,33765
2013-11-01,Maine,8004
2013-11-01,Mariana Islands,5
2013-11-01,Maryland,18413
2013-11-01,Massachusetts,18506
2013-11-01,Michigan,39996
2013-11-01,Minnesota,38292
2013-11-01,Mississippi,25301
2013-11-01,Missouri,47444
2013-11-01,Montana,10548
2013-11-01,Nebraska,6868
2013-11-01,Nevada,10503
2013-11-01,New Hampshire,10397
2013-11-01,New Jersey,10031
2013-11-01,New Mexico,12642
2013-11-01,New York,32643
2013-11-01,North Carolina,50272
2013-11-01,North Dakota,7692
2013-11-01,Ohio,61911
2013-11-01,Oklahoma,35876
2013-11-01,Oregon,22895
2013-11-01,Pennsylvania,88985
2013-11-01,Puerto Rico,1488
2013-11-01,Rhode Island,1925
2013-11-01,South Carolina,25922
2013-11-01,South Dakota,8416
2013-11-01,Tennessee,53278
2013-11-01,Texas,133911
2013-11-01,Utah,21492
2013-11-01,Vermont,3007
2013-11-01,Virgin Islands,86
2013-11-01,Virginia,44918
2013-11-01,Washington,40784
2013-11-01,West Virginia,24919
2013-11-01,Wisconsin,35704
2013-11-01,Wyoming,5494
2013-10-01,Alabama,51520
2013-10-01,Alaska,8322
2013-10-01,Arizona,24148
2013-10-01,Arkansas,19661
2013-10-01,California,114595
2013-10-01,Colorado,34371
2013-10-01,Connecticut,20189
2013-10-01,Delaware,2989
2013-10-01,District of Columbia,37
2013-10-01,Florida,79284
2013-10-01,Georgia,38032
2013-10-01,Guam,127
2013-10-01,Hawaii,1325
2013-10-01,Idaho,10694
2013-10-01,Illinois,101416
2013-10-01,Indiana,43650
2013-10-01,Iowa,11717
2013-10-01,Kansas,15038
2013-10-01,Kentucky,204305
2013-10-01,Louisiana,28194
2013-10-01,Maine,9707
2013-10-01,Mariana Islands,2
2013-10-01,Maryland,20526
2013-10-01,Massachusetts,19891
2013-10-01,Michigan,40320
2013-10-01,Minnesota,43178
2013-10-01,Mississippi,18028
2013-10-01,Missouri,42480
2013-10-01,Montana,12038
2013-10-01,Nebraska,6517
2013-10-01,Nevada,9800
2013-10-01,New Hampshire,11318
2013-10-01,New Jersey,9341
2013-10-01,New Mexico,12018
2013-10-01,New York,30402
2013-10-01,North Carolina,40850
2013-10-01,North Dakota,8511
2013-10-01,Ohio,48416
2013-10-01,Oklahoma,27268
2013-10-01,Oregon,19484
2013-10-01,Pennsylvania,79205
2013-10-01,Puerto Rico,1491
2013-10-01,Rhode Island,1862
2013-10-01,South Carolina,21704
2013-10-01,South Dakota,8534
2013-10-01,Tennessee,42522
2013-10-01,Texas,124834
2013-10-01,Utah,17812
2013-10-01,Vermont,2951
2013-10-01,Virgin Islands,96
2013-10-01,Virginia,36623
2013-10-01,Washington,41311
2013-10-01,West Virginia,19865
2013-10-01,Wisconsin,35951
2013-10-01,Wyoming,4629
2013-09-01,Alabama,46263
2013-09-01,Alaska,6047
2013-09-01,Arizona,22904
2013-09-01,Arkansas,16195
2013-09-01,California,104067
2013-09-01,Colorado,31620
2013-09-01,Connecticut,21666
2013-09-01,Delaware,2515
2013-09-01,District of Columbia,36
2013-09-01,Florida,73216
2013-09-01,Georgia,32309
2013-09-01,Guam,98
2013-09-01,Hawaii,1196
2013-09-01,Idaho,10165
2013-09-01,Illinois,67839
2013-09-01,Indiana,40129
2013-09-01,Iowa,10873
2013-09-01,Kansas,13318
2013-09-01,Kentucky,54426
2013-09-01,Louisiana,29508
2013-09-01,Maine,8102
2013-09-01,Mariana Islands,1
2013-09-01,Maryland,49644
2013-09-01,Massachusetts,18583
2013-09-01,Michigan,36135
2013-09-01,Minnesota,40431
2013-09-01,Mississippi,14804
2013-09-01,Missouri,35901
2013-09-01,Montana,10194
2013-09-01,Nebraska,5387
2013-09-01,Nevada,8704
2013-09-01,New Hampshire,10164
2013-09-01,New Jersey,8091
2013-09-01,New Mexico,10018
2013-09-01,New York,27247
2013-09-01,North Carolina,34609
2013-09-01,North Dakota,6707
2013-09-01,Ohio,42579
2013-09-01,Oklahoma,23496
2013-09-01,Oregon,19746
2013-09-01,Pennsylvania,70015
2013-09-01,Puerto Rico,1469
2013-09-01,Rhode Island,1622
2013-09-01,South Carolina,20573
2013-09-01,South Dakota,6812
2013-09-01,Tennessee,40207
2013-09-01,Texas,111067
2013-09-01,Utah,19074
2013-09-01,Vermont,2742
2013-09-01,Virgin Islands,94
2013-09-01,Virginia,33507
2013-09-01,Washington,36213
2013-09-01,West Virginia,17038
2013-09-01,Wisconsin,32039
2013-09-01,Wyoming,5018
2013-08-01,Alabama,49978
2013-08-01,Alaska,7545
2013-08-01,Arizona,29065
2013-08-01,Arkansas,22401
2013-08-01,California,111132
2013-08-01,Colorado,35642
2013-08-01,Connecticut,23489
2013-08-01,Delaware,2526
2013-08-01,District of Columbia,35
2013-08-01,Florida,81138
2013-08-01,Georgia,34288
2013-08-01,Guam,122
2013-08-01,Hawaii,1283
2013-08-01,Idaho,9967
2013-08-01,Illinois,85074
2013-08-01,Indiana,49336
2013-08-01,Iowa,8566
2013-08-01,Kansas,14753
2013-08-01,Kentucky,27296
2013-08-01,Louisiana,25224
2013-08-01,Maine,6806
2013-08-01,Mariana Islands,0
2013-08-01,Maryland,14929
2013-08-01,Massachusetts,21380
2013-08-01,Michigan,34265
2013-08-01,Minnesota,35738
2013-08-01,Mississippi,16821
2013-08-01,Missouri,38352
2013-08-01,Montana,10683
2013-08-01,Nebraska,5411
2013-08-01,Nevada,9540
2013-08-01,New Hampshire,9645
2013-08-01,New Jersey,9865
2013-08-01,New Mexico,10939
2013-08-01,New York,23867
2013-08-01,North Carolina,36326
2013-08-01,North Dakota,5641
2013-08-01,Ohio,41954
2013-08-01,Oklahoma,26282
2013-08-01,Oregon,18504
2013-08-01,Pennsylvania,70687
2013-08-01,Puerto Rico,1540
2013-08-01,Rhode Island,1642
2013-08-01,South Carolina,25637
2013-08-01,South Dakota,5998
2013-08-01,Tennessee,39133
2013-08-01,Texas,115380
2013-08-01,Utah,30966
2013-08-01,Vermont,2306
2013-08-01,Virgin Islands,107
2013-08-01,Virginia,33074
2013-08-01,Washington,37388
2013-08-01,West Virginia,16506
2013-08-01,Wisconsin,27420
2013-08-01,Wyoming,4876
2013-07-01,Alabama,33290
2013-07-01,Alaska,5889
2013-07-01,Arizona,25712
2013-07-01,Arkansas,22815
2013-07-01,California,100114
2013-07-01,Colorado,42207
2013-07-01,Connecticut,22598
2013-07-01,Delaware,2282
2013-07-01,District of Columbia,32
2013-07-01,Florida,78121
2013-07-01,Georgia,31011
2013-07-01,Guam,113
2013-07-01,Hawaii,1260
2013-07-01,Idaho,8460
2013-07-01,Illinois,82699
2013-07-01,Indiana,51081
2013-07-01,Iowa,6772
2013-07-01,Kansas,14721
2013-07-01,Kentucky,29719
2013-07-01,Louisiana,19777
2013-07-01,Maine,5492
2013-07-01,Mariana Islands,0
2013-07-01,Maryland,12248
2013-07-01,Massachusetts,20775
2013-07-01,Michigan,29608
2013-07-01,Minnesota,30700
2013-07-01,Mississippi,12768
2013-07-01,Missouri,32926
2013-07-01,Montana,8719
2013-07-01,Nebraska,4323
2013-07-01,Nevada,8915
2013-07-01,New Hampshire,8707
2013-07-01,New Jersey,9963
2013-07-01,New Mexico,10135
2013-07-01,New York,20065
2013-07-01,North Carolina,33798
2013-07-01,North Dakota,5143
2013-07-01,Ohio,39440
2013-07-01,Oklahoma,22622
2013-07-01,Oregon,15846
2013-07-01,Pennsylvania,60876
2013-07-01,Puerto Rico,1351
2013-07-01,Rhode Island,1561
2013-07-01,South Carolina,23572
2013-07-01,South Dakota,4719
2013-07-01,Tennessee,34531
2013-07-01,Texas,100819
2013-07-01,Utah,28963
2013-07-01,Vermont,1915
2013-07-01,Virgin Islands,77
2013-07-01,Virginia,28960
2013-07-01,Washington,33115
2013-07-01,West Virginia,13839
2013-07-01,Wisconsin,22108
2013-07-01,Wyoming,4299
2013-06-01,Alabama,27990
2013-06-01,Alaska,6077
2013-06-01,Arizona,25994
2013-06-01,Arkansas,17280
2013-06-01,California,109153
2013-06-01,Colorado,40488
2013-06-01,Connecticut,22597
2013-06-01,Delaware,2447
2013-06-01,District of Columbia,26
2013-06-01,Florida,76142
2013-06-01,Georgia,28248
2013-06-01,Guam,95
2013-06-01,Hawaii,1146
2013-06-01,Idaho,8717
2013-06-01,Illinois,105012
2013-06-01,Indiana,39636
2013-06-01,Iowa,8336
2013-06-01,Kansas,13084
2013-06-01,Kentucky,29195
2013-06-01,Louisiana,18953
2013-06-01,Maine,5620
2013-06-01,Mariana Islands,0
2013-06-01,Maryland,12702
2013-06-01,Massachusetts,18481
2013-06-01,Michigan,29521
2013-06-01,Minnesota,29559
2013-06-01,Mississippi,11605
2013-06-01,Missouri,32677
2013-06-01,Montana,8571
2013-06-01,Nebraska,4503
2013-06-01,Nevada,9962
2013-06-01,New Hampshire,8975
2013-06-01,New Jersey,12104
2013-06-01,New Mexico,9948
2013-06-01,New York,21003
2013-06-01,North Carolina,32934
2013-06-01,North Dakota,5016
2013-06-01,Ohio,39150
2013-06-01,Oklahoma,21661
2013-06-01,Oregon,17274
2013-06-01,Pennsylvania,61992
2013-06-01,Puerto Rico,1606
2013-06-01,Rhode Island,1697
2013-06-01,South Carolina,21463
2013-06-01,South Dakota,4820
2013-06-01,Tennessee,36424
2013-06-01,Texas,97420
2013-06-01,Utah,27453
2013-06-01,Vermont,1957
2013-06-01,Virgin Islands,94
2013-06-01,Virginia,29376
2013-06-01,Washington,35567
2013-06-01,West Virginia,13796
2013-06-01,Wisconsin,20416
2013-06-01,Wyoming,4854
2013-05-01,Alabama,32005
2013-05-01,Alaska,7529
2013-05-01,Arizona,27145
2013-05-01,Arkansas,18509
2013-05-01,California,112464
2013-05-01,Colorado,39181
2013-05-01,Connecticut,22706
2013-05-01,Delaware,2992
2013-05-01,District of Columbia,40
2013-05-01,Florida,90077
2013-05-01,Georgia,32984
2013-05-01,Guam,134
2013-05-01,Hawaii,1322
2013-05-01,Idaho,10133
2013-05-01,Illinois,109338
2013-05-01,Indiana,39560
2013-05-01,Iowa,9708
2013-05-01,Kansas,19099
2013-05-01,Kentucky,25271
2013-05-01,Louisiana,21920
2013-05-01,Maine,6442
2013-05-01,Mariana Islands,0
2013-05-01,Maryland,14340
2013-05-01,Massachusetts,20226
2013-05-01,Michigan,34050
2013-05-01,Minnesota,40424
2013-05-01,Mississippi,13418
2013-05-01,Missouri,39002
2013-05-01,Montana,9873
2013-05-01,Nebraska,5806
2013-05-01,Nevada,11297
2013-05-01,New Hampshire,11780
2013-05-01,New Jersey,12656
2013-05-01,New Mexico,11936
2013-05-01,New York,23167
2013-05-01,North Carolina,38695
2013-05-01,North Dakota,6284
2013-05-01,Ohio,42751
2013-05-01,Oklahoma,24269
2013-05-01,Oregon,18777
2013-05-01,Pennsylvania,70882
2013-05-01,Puerto Rico,1555
2013-05-01,Rhode Island,2109
2013-05-01,South Carolina,23713
2013-05-01,South Dakota,5772
2013-05-01,Tennessee,42521
2013-05-01,Texas,111668
2013-05-01,Utah,34615
2013-05-01,Vermont,2228
2013-05-01,Virgin Islands,75
2013-05-01,Virginia,31108
2013-05-01,Washington,40430
2013-05-01,West Virginia,15908
2013-05-01,Wisconsin,28975
2013-05-01,Wyoming,5581
2013-04-01,Alabama,33215
2013-04-01,Alaska,8758
2013-04-01,Arizona,32444
2013-04-01,Arkansas,22062
2013-04-01,California,110149
2013-04-01,Colorado,43675
2013-04-01,Connecticut,29703
2013-04-01,Delaware,3665
2013-04-01,District of Columbia,48
2013-04-01,Florida,102757
2013-04-01,Georgia,39865
2013-04-01,Guam,89
2013-04-01,Hawaii,1753
2013-04-01,Idaho,13075
2013-04-01,Illinois,132255
2013-04-01,Indiana,51393
2013-04-01,Iowa,15734
2013-04-01,Kansas,21146
2013-04-01,Kentucky,39190
2013-04-01,Louisiana,24525
2013-04-01,Maine,8888
2013-04-01,Mariana Islands,0
2013-04-01,Maryland,15618
2013-04-01,Massachusetts,22616
2013-04-01,Michigan,49219
2013-04-01,Minnesota,52210
2013-04-01,Mississippi,15363
2013-04-01,Missouri,47963
2013-04-01,Montana,11764
2013-04-01,Nebraska,8310
2013-04-01,Nevada,14225
2013-04-01,New Hampshire,14365
2013-04-01,New Jersey,8977
2013-04-01,New Mexico,12995
2013-04-01,New York,30999
2013-04-01,North Carolina,46729
2013-04-01,North Dakota,7678
2013-04-01,Ohio,57639
2013-04-01,Oklahoma,30530
2013-04-01,Oregon,23657
2013-04-01,Pennsylvania,90995
2013-04-01,Puerto Rico,1315
2013-04-01,Rhode Island,2775
2013-04-01,South Carolina,27599
2013-04-01,South Dakota,7058
2013-04-01,Tennessee,45767
2013-04-01,Texas,131815
2013-04-01,Utah,30717
2013-04-01,Vermont,3608
2013-04-01,Virgin Islands,108
2013-04-01,Virginia,39271
2013-04-01,Washington,49100
2013-04-01,West Virginia,18761
2013-04-01,Wisconsin,42236
2013-04-01,Wyoming,6084
2013-03-01,Alabama,45144
2013-03-01,Alaska,9047
2013-03-01,Arizona,36946
2013-03-01,Arkansas,28004
2013-03-01,California,117106
2013-03-01,Colorado,58007
2013-03-01,Connecticut,31213
2013-03-01,Delaware,4250
2013-03-01,District of Columbia,52
2013-03-01,Florida,86541
2013-03-01,Georgia,53457
2013-03-01,Guam,82
2013-03-01,Hawaii,1564
2013-03-01,Idaho,15954
2013-03-01,Illinois,137812
2013-03-01,Indiana,57961
2013-03-01,Iowa,19176
2013-03-01,Kansas,22741
2013-03-01,Kentucky,243253
2013-03-01,Louisiana,30893
2013-03-01,Maine,10320
2013-03-01,Mariana Islands,0
2013-03-01,Maryland,16873
2013-03-01,Massachusetts,25220
2013-03-01,Michigan,57686
2013-03-01,Minnesota,57031
2013-03-01,Mississippi,21207
2013-03-01,Missouri,62321
2013-03-01,Montana,13783
2013-03-01,Nebraska,11052
2013-03-01,Nevada,15623
2013-03-01,New Hampshire,15881
2013-03-01,New Jersey,9843
2013-03-01,New Mexico,16606
2013-03-01,New York,35013
2013-03-01,North Carolina,58353
2013-03-01,North Dakota,8143
2013-03-01,Ohio,76031
2013-03-01,Oklahoma,37224
2013-03-01,Oregon,28021
2013-03-01,Pennsylvania,114209
2013-03-01,Puerto Rico,1233
2013-03-01,Rhode Island,3088
2013-03-01,South Carolina,35234
2013-03-01,South Dakota,9506
2013-03-01,Tennessee,61462
2013-03-01,Texas,163594
2013-03-01,Utah,32240
2013-03-01,Vermont,4099
2013-03-01,Virgin Islands,271
2013-03-01,Virginia,52284
2013-03-01,Washington,60588
2013-03-01,West Virginia,25848
2013-03-01,Wisconsin,50492
2013-03-01,Wyoming,7534
2013-02-01,Alabama,52678
2013-02-01,Alaska,9397
2013-02-01,Arizona,38022
2013-02-01,Arkansas,33226
2013-02-01,California,108666
2013-02-01,Colorado,55170
2013-02-01,Connecticut,24128
2013-02-01,Delaware,4235
2013-02-01,District of Columbia,62
2013-02-01,Florida,99785
2013-02-01,Georgia,67907
2013-02-01,Guam,95
2013-02-01,Hawaii,1803
2013-02-01,Idaho,17947
2013-02-01,Illinois,127615
2013-02-01,Indiana,57638
2013-02-01,Iowa,20309
2013-02-01,Kansas,24839
2013-02-01,Kentucky,247260
2013-02-01,Louisiana,35129
2013-02-01,Maine,9029
2013-02-01,Mariana Islands,2
2013-02-01,Maryland,16241
2013-02-01,Massachusetts,21491
2013-02-01,Michigan,54680
2013-02-01,Minnesota,55260
2013-02-01,Mississippi,26649
2013-02-01,Missouri,65205
2013-02-01,Montana,14677
2013-02-01,Nebraska,9960
2013-02-01,Nevada,17065
2013-02-01,New Hampshire,14988
2013-02-01,New Jersey,8972
2013-02-01,New Mexico,17202
2013-02-01,New York,32249
2013-02-01,North Carolina,72694
2013-02-01,North Dakota,8362
2013-02-01,Ohio,79762
2013-02-01,Oklahoma,43984
2013-02-01,Oregon,30190
2013-02-01,Pennsylvania,113841
2013-02-01,Puerto Rico,1258
2013-02-01,Rhode Island,2624
2013-02-01,South Carolina,42168
2013-02-01,South Dakota,10060
2013-02-01,Tennessee,70784
2013-02-01,Texas,189806
2013-02-01,Utah,28356
2013-02-01,Vermont,4254
2013-02-01,Virgin Islands,6
2013-02-01,Virginia,57124
2013-02-01,Washington,66081
2013-02-01,West Virginia,29414
2013-02-01,Wisconsin,50656
2013-02-01,Wyoming,7556
2013-01-01,Alabama,55210
2013-01-01,Alaska,9975
2013-01-01,Arizona,41443
2013-01-01,Arkansas,29607
2013-01-01,California,133187
2013-01-01,Colorado,53121
2013-01-01,Connecticut,31886
2013-01-01,Delaware,5055
2013-01-01,District of Columbia,59
2013-01-01,Florida,117696
2013-01-01,Georgia,70862
2013-01-01,Guam,132
2013-01-01,Hawaii,2260
2013-01-01,Idaho,17708
2013-01-01,Illinois,149608
2013-01-01,Indiana,61855
2013-01-01,Iowa,24157
2013-01-01,Kansas,29270
2013-01-01,Kentucky,238510
2013-01-01,Louisiana,42313
2013-01-01,Maine,10538
2013-01-01,Mariana Islands,1
2013-01-01,Maryland,18392
2013-01-01,Massachusetts,27785
2013-01-01,Michigan,60852
2013-01-01,Minnesota,64272
2013-01-01,Mississippi,26380
2013-01-01,Missouri,71515
2013-01-01,Montana,15217
2013-01-01,Nebraska,14751
2013-01-01,Nevada,18361
2013-01-01,New Hampshire,20513
2013-01-01,New Jersey,11110
2013-01-01,New Mexico,16998
2013-01-01,New York,43752
2013-01-01,North Carolina,70301
2013-01-01,North Dakota,9686
2013-01-01,Ohio,83996
2013-01-01,Oklahoma,48246
2013-01-01,Oregon,33335
2013-01-01,Pennsylvania,135603
2013-01-01,Puerto Rico,1357
2013-01-01,Rhode Island,3792
2013-01-01,South Carolina,36801
2013-01-01,South Dakota,11242
2013-01-01,Tennessee,69456
2013-01-01,Texas,186890
2013-01-01,Utah,27938
2013-01-01,Vermont,4195
2013-01-01,Virgin Islands,26
2013-01-01,Virginia,60837
2013-01-01,Washington,73547
2013-01-01,West Virginia,26793
2013-01-01,Wisconsin,56977
2013-01-01,Wyoming,7861
